EmployeeID,Gender,Department,Job_Level,Country,Hire_Date,Annual_Salary,Market_Midpoint,Target_Bonus_Pct,Actual_Bonus,Performance_Rating,Benefit_Plan
GE-1000,Female,Finance,Entry,Poland,3/5/2014,106667,95000,0.05,7619,5,Silver Health
GE-1001,Male,Marketing,Entry,Germany,9/5/2023,112877,95000,0.05,1612,1,Opt-Out
GE-1002,Male,HR,Manager,Spain,8/23/2015,265392,240000,0.2,45495,3,Gold Health
GE-1003,Female,Engineering,Director,Germany,10/16/2022,417724,340000,0.3,143219,4,Opt-Out
GE-1004,Male,Engineering,Manager,Spain,5/4/2016,277481,240000,0.2,63424,4,Gold Health
GE-1005,Female,Engineering,Professional,Poland,5/26/2022,121969,130000,0.1,13939,4,Gold Health
GE-1006,Female,Operations,Entry,Poland,4/11/2023,98441,95000,0.05,5625,4,Gold Health
GE-1007,Male,Finance,Professional,Germany,10/6/2014,117220,130000,0.1,10047,3,Silver Health
GE-1008,Female,IT,Entry,Poland,10/7/2019,101794,95000,0.05,2908,2,Gold Health
GE-1009,Female,Finance,Senior,UK,2/4/2020,155807,175000,0.15,26709,4,Opt-Out
GE-1010,Male,Marketing,Professional,UK,2/9/2022,118741,130000,0.1,3392,1,Standard
GE-1011,Male,Engineering,Professional,Spain,11/3/2014,124132,130000,0.1,3546,1,Standard
GE-1012,Female,HR,Professional,Poland,8/16/2019,123236,130000,0.1,10563,3,Opt-Out
GE-1013,Female,HR,Professional,UK,11/29/2016,127187,130000,0.1,3633,1,Gold Health
GE-1014,Male,Engineering,Entry,France,9/2/2016,82971,95000,0.05,3555,3,Gold Health
GE-1015,Female,Engineering,Senior,Germany,6/27/2020,163058,175000,0.15,20964,3,Gold Health
GE-1016,Male,Operations,Professional,Spain,12/13/2015,125513,130000,0.1,7172,2,Gold Health
GE-1017,Male,Operations,Professional,Spain,4/20/2014,136078,130000,0.1,11663,3,Standard
GE-1018,Female,Marketing,Senior,UK,11/4/2021,132068,175000,0.15,22640,4,Opt-Out
GE-1019,Female,Operations,Entry,Spain,6/22/2022,87866,95000,0.05,2510,2,Opt-Out
GE-1020,Male,IT,Senior,UK,6/16/2014,186785,175000,0.15,24015,3,Standard
GE-1021,Male,Sales,Entry,France,6/28/2023,108543,95000,0.05,7753,5,Silver Health
GE-1022,Female,Engineering,Manager,Germany,11/5/2022,248783,240000,0.2,42648,3,Standard
GE-1023,Female,Operations,Entry,Spain,7/26/2016,95833,95000,0.05,2738,2,Standard
GE-1024,Male,Operations,Professional,France,9/18/2022,122935,130000,0.1,17562,5,Silver Health
GE-1025,Male,HR,Entry,Germany,2/4/2018,94862,95000,0.05,1355,1,Gold Health
GE-1026,Female,Finance,Director,Spain,8/18/2020,348542,340000,0.3,89625,3,Gold Health
GE-1027,Female,HR,Senior,Spain,6/19/2017,167534,175000,0.15,21540,3,Standard
GE-1028,Female,Finance,Manager,Poland,6/2/2023,226074,240000,0.2,25837,2,Gold Health
GE-1029,Male,Sales,Professional,UK,9/5/2021,117846,130000,0.1,10101,3,Standard
GE-1030,Female,Operations,Professional,UK,10/4/2020,140941,130000,0.1,12080,3,Gold Health
GE-1031,Male,Finance,Professional,Poland,3/2/2022,106616,130000,0.1,9138,3,Gold Health
GE-1032,Male,Operations,Professional,Poland,5/10/2018,137713,130000,0.1,11803,3,Standard
GE-1033,Male,Sales,Professional,UK,8/20/2016,135999,130000,0.1,19428,5,Gold Health
GE-1034,Female,IT,Manager,UK,3/31/2023,218257,240000,0.2,49887,4,Opt-Out
GE-1035,Female,Engineering,Entry,France,4/19/2015,85460,95000,0.05,3662,3,Silver Health
GE-1036,Male,Engineering,Professional,Germany,8/2/2018,133037,130000,0.1,7602,2,Standard
GE-1037,Male,Finance,Entry,UK,9/11/2014,109046,95000,0.05,4673,3,Standard
GE-1038,Male,Operations,Senior,UK,9/4/2022,173254,175000,0.15,29700,4,Standard
GE-1039,Male,HR,Professional,Poland,6/9/2018,115070,130000,0.1,6575,2,Standard
GE-1040,Male,HR,Professional,UK,8/4/2022,152962,130000,0.1,13111,3,Gold Health
GE-1041,Male,HR,Professional,UK,6/30/2021,139790,130000,0.1,15976,4,Gold Health
GE-1042,Female,Marketing,Manager,Germany,1/21/2022,236776,240000,0.2,27060,2,Silver Health
GE-1043,Male,Engineering,Professional,Spain,3/1/2022,130319,130000,0.1,11170,3,Silver Health
GE-1044,Male,Engineering,Senior,Spain,6/8/2022,168621,175000,0.15,28906,4,Silver Health
GE-1045,Male,IT,Entry,Poland,9/2/2014,109918,95000,0.05,6281,4,Gold Health
GE-1046,Female,Finance,Entry,France,11/27/2019,118662,95000,0.05,1695,1,Gold Health
GE-1047,Male,IT,Entry,France,8/18/2019,103934,95000,0.05,4454,3,Opt-Out
GE-1048,Female,Marketing,Manager,UK,3/15/2021,226308,240000,0.2,38795,3,Silver Health
GE-1049,Female,Marketing,Professional,Poland,3/28/2022,141344,130000,0.1,20192,5,Opt-Out
GE-1050,Male,Finance,Professional,Spain,1/29/2021,133148,130000,0.1,11412,3,Gold Health
GE-1051,Male,Sales,Professional,Spain,8/10/2016,152406,130000,0.1,13063,3,Silver Health
GE-1052,Female,Operations,Senior,France,6/21/2021,163844,175000,0.15,35109,5,Standard
GE-1053,Female,HR,Professional,France,6/13/2014,121909,130000,0.1,17415,5,Silver Health
GE-1054,Male,IT,Entry,Germany,10/31/2021,100837,95000,0.05,4321,3,Silver Health
GE-1055,Female,Sales,Senior,UK,5/26/2016,193081,175000,0.15,33099,4,Standard
GE-1056,Female,Marketing,Senior,Germany,3/15/2020,152240,175000,0.15,19573,3,Opt-Out
GE-1057,Male,Finance,Entry,Poland,7/10/2019,95103,95000,0.05,4075,3,Standard
GE-1058,Female,HR,Entry,Poland,7/11/2021,88507,95000,0.05,3793,3,Standard
GE-1059,Female,Operations,Senior,Germany,1/3/2019,206318,175000,0.15,26526,3,Standard
GE-1060,Male,Finance,Senior,Poland,5/22/2018,187034,175000,0.15,24047,3,Gold Health
GE-1061,Female,Engineering,Professional,France,4/11/2021,133961,130000,0.1,11482,3,Standard
GE-1062,Male,IT,Senior,Germany,11/20/2018,163166,175000,0.15,20978,3,Standard
GE-1063,Female,Operations,Senior,Spain,9/17/2023,170697,175000,0.15,36577,5,Opt-Out
GE-1064,Male,IT,Professional,Poland,3/24/2021,125695,130000,0.1,17956,5,Silver Health
GE-1065,Male,HR,Professional,France,4/27/2017,102984,130000,0.1,11769,4,Standard
GE-1066,Female,Operations,Manager,France,3/16/2017,241592,240000,0.2,55221,4,Gold Health
GE-1067,Female,Sales,Manager,Germany,8/29/2021,285925,240000,0.2,49015,3,Silver Health
GE-1068,Male,Engineering,Professional,Spain,4/5/2020,119374,130000,0.1,10232,3,Standard
GE-1069,Female,Finance,Entry,Poland,4/7/2015,93344,95000,0.05,4000,3,Standard
GE-1070,Female,Engineering,Entry,Poland,2/1/2018,105950,95000,0.05,6054,4,Gold Health
GE-1071,Male,Engineering,Professional,UK,2/10/2014,137373,130000,0.1,11774,3,Silver Health
GE-1072,Female,Operations,Senior,Germany,7/20/2019,151789,175000,0.15,32526,5,Silver Health
GE-1073,Male,IT,Manager,France,5/28/2015,254982,240000,0.2,72852,5,Gold Health
GE-1074,Male,Sales,Professional,Poland,8/22/2015,142539,130000,0.1,12217,3,Opt-Out
GE-1075,Male,Marketing,Manager,Spain,7/24/2020,221485,240000,0.2,37968,3,Opt-Out
GE-1076,Female,Finance,Professional,UK,5/27/2014,148805,130000,0.1,12754,3,Opt-Out
GE-1077,Male,Engineering,Entry,Spain,6/24/2020,104917,95000,0.05,5995,4,Silver Health
GE-1078,Female,HR,Senior,Germany,4/22/2016,157267,175000,0.15,26960,4,Opt-Out
GE-1079,Male,HR,Professional,Poland,1/23/2018,109046,130000,0.1,15578,5,Standard
GE-1080,Female,Engineering,Professional,Spain,2/16/2018,101349,130000,0.1,11582,4,Silver Health
GE-1081,Female,Engineering,Senior,UK,12/1/2019,173087,175000,0.15,22254,3,Opt-Out
GE-1082,Male,Marketing,Professional,Germany,2/11/2015,116406,130000,0.1,13303,4,Gold Health
GE-1083,Female,Sales,Entry,Spain,3/15/2019,90637,95000,0.05,2589,2,Silver Health
GE-1084,Female,Operations,Professional,Spain,4/24/2015,144712,130000,0.1,4134,1,Opt-Out
GE-1085,Female,Finance,Professional,Germany,1/15/2023,129990,130000,0.1,14856,4,Opt-Out
GE-1086,Male,Sales,Professional,Spain,2/13/2019,126620,130000,0.1,3617,1,Gold Health
GE-1087,Female,Finance,Senior,Germany,12/11/2021,165700,175000,0.15,28405,4,Gold Health
GE-1088,Female,IT,Entry,France,6/5/2022,94186,95000,0.05,5382,4,Opt-Out
GE-1089,Male,Engineering,Senior,Poland,4/24/2016,195175,175000,0.15,25093,3,Standard
GE-1090,Male,HR,Director,UK,4/8/2016,321698,340000,0.3,110296,4,Gold Health
GE-1091,Male,Sales,Senior,Spain,3/7/2022,153886,175000,0.15,13190,2,Standard
GE-1092,Male,Sales,Professional,Spain,10/12/2014,150031,130000,0.1,17146,4,Opt-Out
GE-1093,Male,IT,Entry,UK,1/2/2019,86353,95000,0.05,1233,1,Gold Health
GE-1094,Female,HR,Professional,UK,8/10/2014,115060,130000,0.1,9862,3,Standard
GE-1095,Male,Sales,Entry,UK,10/26/2016,78135,95000,0.05,1116,1,Gold Health
GE-1096,Male,HR,Senior,Spain,4/24/2023,164763,175000,0.15,21183,3,Gold Health
GE-1097,Female,Sales,Professional,Spain,3/13/2016,136580,130000,0.1,19511,5,Opt-Out
GE-1098,Male,Operations,Professional,France,3/18/2020,133066,130000,0.1,11405,3,Gold Health
GE-1099,Male,IT,Senior,France,10/17/2021,149710,175000,0.15,19248,3,Opt-Out
GE-1100,Female,HR,Professional,Spain,8/30/2018,131200,130000,0.1,7497,2,Silver Health
GE-1101,Female,Operations,Senior,France,7/22/2021,144841,175000,0.15,31037,5,Standard
GE-1102,Female,Operations,Manager,Spain,3/8/2020,211254,240000,0.2,36214,3,Silver Health
GE-1103,Female,Engineering,Professional,France,11/15/2018,128409,130000,0.1,11006,3,Silver Health
GE-1104,Male,IT,Senior,France,11/11/2016,143849,175000,0.15,18494,3,Standard
GE-1105,Female,Marketing,Professional,Germany,2/16/2022,133737,130000,0.1,11463,3,Silver Health
GE-1106,Female,HR,Manager,Germany,10/8/2023,250027,240000,0.2,57149,4,Opt-Out
GE-1107,Female,HR,Senior,Spain,8/1/2022,164538,175000,0.15,21154,3,Silver Health
GE-1108,Male,Finance,Manager,Spain,1/11/2015,251121,240000,0.2,71748,5,Standard
GE-1109,Male,Finance,Professional,Spain,11/11/2014,145726,130000,0.1,12490,3,Silver Health
GE-1110,Female,Finance,Professional,Poland,12/30/2015,116997,130000,0.1,10028,3,Standard
GE-1111,Male,Operations,Professional,Germany,2/17/2020,119340,130000,0.1,10229,3,Standard
GE-1112,Male,Sales,Senior,UK,6/16/2020,164589,175000,0.15,14107,2,Opt-Out
GE-1113,Female,Operations,Manager,France,10/22/2019,222331,240000,0.2,25409,2,Opt-Out
GE-1114,Female,Sales,Professional,Spain,3/22/2015,117302,130000,0.1,10054,3,Gold Health
GE-1115,Male,IT,Senior,Germany,7/19/2021,188054,175000,0.15,32237,4,Gold Health
GE-1116,Male,Sales,Entry,Germany,4/4/2021,100376,95000,0.05,5735,4,Opt-Out
GE-1117,Female,IT,Senior,Poland,8/14/2023,170590,175000,0.15,21933,3,Gold Health
GE-1118,Male,Operations,Senior,Poland,6/20/2015,163636,175000,0.15,28051,4,Opt-Out
GE-1119,Female,HR,Professional,Poland,12/8/2014,122346,130000,0.1,17478,5,Opt-Out
GE-1120,Female,Finance,Professional,Germany,9/14/2023,127047,130000,0.1,10889,3,Standard
GE-1121,Female,Marketing,Entry,France,12/10/2019,85850,95000,0.05,4905,4,Opt-Out
GE-1122,Male,Engineering,Professional,UK,9/3/2015,126099,130000,0.1,18014,5,Gold Health
GE-1123,Male,Engineering,Professional,UK,8/23/2018,116201,130000,0.1,13280,4,Standard
GE-1124,Female,Finance,Manager,Germany,4/25/2022,235927,240000,0.2,26963,2,Silver Health
GE-1125,Male,Engineering,Professional,Poland,3/21/2014,141396,130000,0.1,12119,3,Standard
GE-1126,Male,Operations,Senior,Germany,1/5/2016,176984,175000,0.15,30340,4,Gold Health
GE-1127,Male,Marketing,Senior,UK,4/19/2014,159065,175000,0.15,27268,4,Standard
GE-1128,Female,Sales,Professional,Germany,4/18/2022,116478,130000,0.1,13311,4,Gold Health
GE-1129,Male,Operations,Senior,France,5/11/2019,160153,175000,0.15,20591,3,Standard
GE-1130,Male,Sales,Entry,UK,10/11/2021,83503,95000,0.05,4771,4,Standard
GE-1131,Male,Sales,Professional,France,4/4/2023,125936,130000,0.1,14392,4,Opt-Out
GE-1132,Male,Marketing,Senior,Poland,7/13/2016,188093,175000,0.15,32244,4,Silver Health
GE-1133,Female,Engineering,Entry,Poland,2/7/2017,87137,95000,0.05,4979,4,Gold Health
GE-1134,Female,Marketing,Entry,Poland,5/8/2014,96027,95000,0.05,4115,3,Standard
GE-1135,Male,IT,Professional,UK,3/30/2020,150870,130000,0.1,12931,3,Standard
GE-1136,Female,IT,Senior,Poland,5/25/2019,150624,175000,0.15,19365,3,Silver Health
GE-1137,Female,Engineering,Senior,UK,2/7/2019,155161,175000,0.15,6649,1,Silver Health
GE-1138,Male,Finance,Professional,Germany,6/21/2015,131578,130000,0.1,11278,3,Opt-Out
GE-1139,Female,Engineering,Professional,Poland,7/30/2016,154877,130000,0.1,13275,3,Opt-Out
GE-1140,Female,HR,Entry,Poland,3/10/2020,109262,95000,0.05,4682,3,Standard
GE-1141,Female,Operations,Professional,Poland,12/15/2016,124647,130000,0.1,17806,5,Gold Health
GE-1142,Female,IT,Professional,Germany,3/7/2023,140718,130000,0.1,12061,3,Gold Health
GE-1143,Female,Marketing,Director,UK,10/23/2016,276066,340000,0.3,70988,3,Opt-Out
GE-1144,Female,HR,Entry,Spain,7/1/2022,103358,95000,0.05,5906,4,Standard
GE-1145,Female,Engineering,Entry,Germany,10/11/2022,108873,95000,0.05,4665,3,Gold Health
GE-1146,Female,Sales,Professional,Germany,1/9/2015,104338,130000,0.1,5962,2,Silver Health
GE-1147,Female,Sales,Professional,UK,8/31/2014,118188,130000,0.1,10130,3,Silver Health
GE-1148,Male,Engineering,Professional,Spain,9/15/2018,119611,130000,0.1,10252,3,Opt-Out
GE-1149,Male,Engineering,Manager,Poland,3/11/2020,235996,240000,0.2,53941,4,Standard
GE-1150,Female,Engineering,Entry,UK,6/6/2019,75779,95000,0.05,3247,3,Gold Health
GE-1151,Female,Finance,Senior,UK,11/9/2023,152144,175000,0.15,13040,2,Silver Health
GE-1152,Female,Engineering,Entry,Poland,5/18/2023,77527,95000,0.05,3322,3,Silver Health
GE-1153,Male,Sales,Director,Spain,8/2/2021,311219,340000,0.3,80027,3,Opt-Out
GE-1154,Female,IT,Entry,UK,10/28/2014,115223,95000,0.05,6584,4,Silver Health
GE-1155,Female,Sales,Professional,Poland,7/3/2015,141213,130000,0.1,12103,3,Standard
GE-1156,Female,Engineering,Professional,UK,3/28/2015,145672,130000,0.1,16648,4,Silver Health
GE-1157,Female,IT,Entry,Germany,12/24/2021,105708,95000,0.05,4530,3,Gold Health
GE-1158,Male,Engineering,Entry,Spain,8/24/2022,79020,95000,0.05,5644,5,Standard
GE-1159,Male,IT,Professional,Germany,9/10/2021,126959,130000,0.1,10882,3,Silver Health
GE-1160,Male,Operations,Entry,Poland,2/20/2019,113955,95000,0.05,6511,4,Standard
GE-1161,Female,HR,Senior,UK,9/22/2019,169689,175000,0.15,14544,2,Gold Health
GE-1162,Male,IT,Professional,Spain,1/5/2019,144002,130000,0.1,12343,3,Standard
GE-1163,Female,Operations,Professional,UK,5/24/2014,143272,130000,0.1,16373,4,Silver Health
GE-1164,Male,IT,Professional,UK,10/16/2015,131127,130000,0.1,11239,3,Gold Health
GE-1165,Male,IT,Senior,Poland,6/7/2016,181252,175000,0.15,31071,4,Silver Health
GE-1166,Female,Marketing,Manager,Poland,1/18/2023,246446,240000,0.2,42247,3,Opt-Out
GE-1167,Female,Sales,Professional,Poland,2/17/2020,150919,130000,0.1,17247,4,Standard
GE-1168,Male,Finance,Professional,France,5/28/2015,100073,130000,0.1,11436,4,Standard
GE-1169,Female,Engineering,Professional,Germany,6/30/2022,148305,130000,0.1,12711,3,Standard
GE-1170,Male,Finance,Senior,Germany,8/23/2022,139740,175000,0.15,23955,4,Opt-Out
GE-1171,Male,IT,Professional,Poland,12/25/2017,126117,130000,0.1,10810,3,Opt-Out
GE-1172,Female,Sales,Professional,Germany,8/12/2023,155063,130000,0.1,13291,3,Opt-Out
GE-1173,Female,Engineering,Entry,France,7/17/2020,95983,95000,0.05,2742,2,Opt-Out
GE-1174,Female,Operations,Entry,Germany,10/26/2016,79847,95000,0.05,4562,4,Gold Health
GE-1175,Male,Engineering,Entry,France,11/15/2017,87597,95000,0.05,3754,3,Opt-Out
GE-1176,Male,Operations,Professional,Spain,10/15/2021,141413,130000,0.1,12121,3,Silver Health
GE-1177,Male,IT,Manager,Spain,9/22/2020,234557,240000,0.2,26806,2,Silver Health
GE-1178,Male,HR,Professional,Germany,8/14/2014,130161,130000,0.1,14875,4,Gold Health
GE-1179,Female,Engineering,Senior,Poland,2/7/2017,198809,175000,0.15,8520,1,Opt-Out
GE-1180,Male,Finance,Professional,Poland,4/20/2017,123140,130000,0.1,10554,3,Opt-Out
GE-1181,Male,HR,Senior,UK,10/1/2021,161564,175000,0.15,20772,3,Silver Health
GE-1182,Male,Operations,Professional,Spain,1/23/2023,155236,130000,0.1,13305,3,Gold Health
GE-1183,Male,Engineering,Manager,Poland,1/27/2022,234971,240000,0.2,40280,3,Silver Health
GE-1184,Female,Sales,Professional,UK,9/27/2016,139281,130000,0.1,11938,3,Standard
GE-1185,Male,Operations,Professional,UK,3/29/2022,136530,130000,0.1,15603,4,Silver Health
GE-1186,Male,HR,Manager,UK,8/10/2020,248600,240000,0.2,42617,3,Silver Health
GE-1187,Male,Sales,Entry,Spain,2/4/2021,105830,95000,0.05,4535,3,Standard
GE-1188,Female,Sales,Professional,UK,9/21/2018,129557,130000,0.1,11104,3,Standard
GE-1189,Male,Sales,Entry,UK,12/11/2022,106676,95000,0.05,6095,4,Silver Health
GE-1190,Female,Engineering,Senior,Germany,2/13/2018,165258,175000,0.15,21247,3,Opt-Out
GE-1191,Female,Finance,Senior,UK,4/4/2021,172462,175000,0.15,22173,3,Silver Health
GE-1192,Female,Finance,Professional,France,4/30/2017,119097,130000,0.1,10208,3,Opt-Out
GE-1193,Female,HR,Entry,Poland,10/1/2018,109370,95000,0.05,6249,4,Opt-Out
GE-1194,Male,HR,Professional,Poland,5/2/2015,121033,130000,0.1,10374,3,Opt-Out
GE-1195,Female,Sales,Manager,Germany,7/26/2023,236426,240000,0.2,13510,1,Standard
GE-1196,Male,Engineering,Professional,France,2/26/2020,108621,130000,0.1,12413,4,Gold Health
GE-1197,Male,Operations,Director,Germany,5/20/2019,284863,340000,0.3,73250,3,Silver Health
GE-1198,Female,Finance,Professional,France,5/1/2023,131886,130000,0.1,7536,2,Silver Health
GE-1199,Female,Sales,Professional,UK,5/16/2023,135208,130000,0.1,11589,3,Standard
GE-1200,Female,Operations,Senior,UK,5/28/2015,164992,175000,0.15,21213,3,Standard
GE-1201,Male,Engineering,Professional,Spain,2/12/2018,140775,130000,0.1,16088,4,Opt-Out
GE-1202,Female,Marketing,Manager,France,3/10/2019,251228,240000,0.2,43067,3,Silver Health
GE-1203,Male,Operations,Professional,UK,10/22/2017,148284,130000,0.1,12710,3,Gold Health
GE-1204,Female,Operations,Senior,Spain,6/19/2022,157527,175000,0.15,33755,5,Silver Health
GE-1205,Male,IT,Manager,Germany,4/11/2014,301157,240000,0.2,68835,4,Opt-Out
GE-1206,Male,Sales,Senior,Spain,11/22/2023,200371,175000,0.15,25761,3,Silver Health
GE-1207,Male,HR,Senior,Spain,11/16/2022,191155,175000,0.15,40961,5,Silver Health
GE-1208,Female,Marketing,Professional,UK,6/1/2015,141498,130000,0.1,12128,3,Silver Health
GE-1209,Male,IT,Director,UK,4/21/2023,392842,340000,0.3,101016,3,Silver Health
GE-1210,Male,Finance,Professional,Germany,1/31/2023,144324,130000,0.1,8247,2,Opt-Out
GE-1211,Female,Operations,Entry,Spain,6/2/2015,96482,95000,0.05,4134,3,Silver Health
GE-1212,Male,HR,Professional,Germany,3/1/2017,107904,130000,0.1,9248,3,Opt-Out
GE-1213,Female,Engineering,Entry,Spain,12/12/2018,93979,95000,0.05,1342,1,Opt-Out
GE-1214,Female,Operations,Entry,France,4/4/2017,106652,95000,0.05,4570,3,Opt-Out
GE-1215,Male,HR,Director,Germany,3/12/2015,328174,340000,0.3,84387,3,Standard
GE-1216,Male,Sales,Senior,UK,7/19/2020,185368,175000,0.15,31777,4,Gold Health
GE-1217,Male,Marketing,Manager,Poland,9/29/2014,259538,240000,0.2,74153,5,Gold Health
GE-1218,Female,Operations,Entry,Poland,6/19/2018,97953,95000,0.05,4197,3,Silver Health
GE-1219,Male,Finance,Senior,Poland,5/4/2016,155084,175000,0.15,26585,4,Silver Health
GE-1220,Male,IT,Senior,Spain,5/14/2020,144726,175000,0.15,18607,3,Standard
GE-1221,Male,Operations,Manager,UK,12/30/2015,242571,240000,0.2,55444,4,Opt-Out
GE-1222,Female,Engineering,Entry,Germany,7/13/2018,95150,95000,0.05,2718,2,Standard
GE-1223,Male,HR,Entry,Spain,4/27/2022,97268,95000,0.05,5558,4,Opt-Out
GE-1224,Female,Finance,Entry,Spain,5/11/2018,102159,95000,0.05,4378,3,Opt-Out
GE-1225,Male,IT,Senior,Spain,1/11/2019,171643,175000,0.15,14712,2,Silver Health
GE-1226,Male,Engineering,Senior,UK,12/29/2015,162100,175000,0.15,20841,3,Gold Health
GE-1227,Female,Sales,Director,Germany,5/3/2021,393934,340000,0.3,168828,5,Opt-Out
GE-1228,Male,Marketing,Professional,Germany,12/17/2020,137183,130000,0.1,11758,3,Silver Health
GE-1229,Female,IT,Professional,Poland,3/26/2023,113854,130000,0.1,16264,5,Silver Health
GE-1230,Female,Marketing,Professional,UK,4/1/2015,116471,130000,0.1,9983,3,Silver Health
GE-1231,Female,IT,Professional,UK,4/22/2018,119490,130000,0.1,10242,3,Gold Health
GE-1232,Male,Finance,Entry,Poland,2/16/2016,80545,95000,0.05,4602,4,Opt-Out
GE-1233,Female,Engineering,Senior,UK,6/3/2015,151328,175000,0.15,12970,2,Opt-Out
GE-1234,Male,Sales,Senior,UK,3/8/2022,169392,175000,0.15,21778,3,Silver Health
GE-1235,Female,HR,Senior,UK,7/8/2015,166940,175000,0.15,21463,3,Silver Health
GE-1236,Female,Marketing,Senior,Spain,8/27/2018,157180,175000,0.15,13472,2,Gold Health
GE-1237,Male,IT,Manager,Poland,9/22/2018,212028,240000,0.2,48463,4,Standard
GE-1238,Male,Marketing,Entry,Poland,11/21/2022,99398,95000,0.05,4259,3,Opt-Out
GE-1239,Male,Operations,Senior,UK,2/3/2015,176731,175000,0.15,22722,3,Standard
GE-1240,Female,Marketing,Professional,Poland,12/8/2022,139662,130000,0.1,19951,5,Standard
GE-1241,Male,Operations,Senior,Poland,3/19/2014,173502,175000,0.15,14871,2,Opt-Out
GE-1242,Male,Finance,Professional,France,6/21/2016,113679,130000,0.1,6495,2,Gold Health
GE-1243,Male,Engineering,Entry,Germany,8/19/2016,100736,95000,0.05,4317,3,Silver Health
GE-1244,Female,Sales,Director,France,1/17/2014,288832,340000,0.3,74271,3,Gold Health
GE-1245,Male,Engineering,Professional,Germany,8/18/2018,146425,130000,0.1,16734,4,Silver Health
GE-1246,Female,Engineering,Senior,France,4/10/2014,170671,175000,0.15,21943,3,Silver Health
GE-1247,Female,Operations,Senior,UK,11/22/2022,205425,175000,0.15,44019,5,Opt-Out
GE-1248,Male,Sales,Manager,Spain,2/16/2017,247633,240000,0.2,42451,3,Silver Health
GE-1249,Male,Finance,Professional,UK,5/21/2015,123974,130000,0.1,10626,3,Opt-Out
GE-1250,Male,Marketing,Entry,France,11/20/2019,72380,95000,0.05,3102,3,Opt-Out
GE-1251,Male,HR,Manager,Spain,9/9/2023,266603,240000,0.2,45703,3,Standard
GE-1252,Male,Marketing,Professional,Poland,7/20/2017,144275,130000,0.1,16488,4,Silver Health
GE-1253,Female,Finance,Professional,Germany,12/18/2023,152624,130000,0.1,13082,3,Gold Health
GE-1254,Male,Sales,Entry,Poland,11/18/2021,115861,95000,0.05,6620,4,Standard
GE-1255,Female,Sales,Professional,UK,7/10/2015,156681,130000,0.1,13429,3,Silver Health
GE-1256,Female,Sales,Senior,Poland,8/8/2016,166677,175000,0.15,28573,4,Gold Health
GE-1257,Male,Sales,Senior,Poland,10/10/2016,201717,175000,0.15,34580,4,Standard
GE-1258,Female,HR,Professional,Poland,10/11/2023,137872,130000,0.1,11817,3,Opt-Out
GE-1259,Female,HR,Senior,France,8/28/2021,151735,175000,0.15,19508,3,Standard
GE-1260,Male,Operations,Professional,France,8/9/2014,117667,130000,0.1,6723,2,Standard
GE-1261,Male,Operations,Senior,France,1/9/2014,137767,175000,0.15,11808,2,Standard
GE-1262,Male,IT,Senior,Spain,4/30/2016,164879,175000,0.15,35331,5,Gold Health
GE-1263,Male,IT,Professional,Spain,3/1/2016,105438,130000,0.1,9037,3,Opt-Out
GE-1264,Male,Sales,Entry,Poland,4/3/2017,98197,95000,0.05,4208,3,Opt-Out
GE-1265,Male,IT,Professional,Spain,1/1/2018,161888,130000,0.1,18501,4,Silver Health
GE-1266,Female,Operations,Professional,Spain,10/8/2023,134795,130000,0.1,15405,4,Standard
GE-1267,Female,Finance,Senior,France,3/30/2017,197540,175000,0.15,42330,5,Silver Health
GE-1268,Male,Sales,Entry,Germany,1/23/2022,101600,95000,0.05,4354,3,Opt-Out
GE-1269,Female,Operations,Entry,UK,1/12/2023,76297,95000,0.05,3269,3,Standard
GE-1270,Male,Engineering,Entry,UK,5/3/2019,99180,95000,0.05,5667,4,Silver Health
GE-1271,Male,Operations,Director,Germany,3/2/2014,354725,340000,0.3,91215,3,Standard
GE-1272,Female,IT,Senior,Poland,6/12/2014,192162,175000,0.15,32942,4,Gold Health
GE-1273,Male,HR,Professional,Spain,3/20/2022,141343,130000,0.1,16153,4,Gold Health
GE-1274,Male,IT,Manager,Germany,7/27/2019,276511,240000,0.2,47401,3,Standard
GE-1275,Female,Sales,Entry,Poland,7/15/2018,111057,95000,0.05,4759,3,Gold Health
GE-1276,Female,Engineering,Manager,Spain,12/30/2020,225511,240000,0.2,38659,3,Opt-Out
GE-1277,Male,Marketing,Entry,France,7/14/2018,98801,95000,0.05,4234,3,Standard
GE-1278,Male,Engineering,Professional,Poland,10/30/2016,110659,130000,0.1,9485,3,Opt-Out
GE-1279,Male,IT,Entry,Spain,9/13/2021,84908,95000,0.05,4851,4,Standard
GE-1280,Male,Operations,Professional,UK,12/24/2022,129319,130000,0.1,14779,4,Gold Health
GE-1281,Female,Engineering,Entry,Spain,1/20/2015,83082,95000,0.05,3560,3,Gold Health
GE-1282,Female,IT,Entry,Spain,7/20/2021,84589,95000,0.05,3625,3,Standard
GE-1283,Male,Operations,Entry,Spain,6/25/2021,98641,95000,0.05,4227,3,Silver Health
GE-1284,Female,Marketing,Entry,Germany,3/5/2022,76463,95000,0.05,2184,2,Standard
GE-1285,Female,Finance,Professional,France,11/5/2022,122856,130000,0.1,10530,3,Gold Health
GE-1286,Female,HR,Senior,France,11/1/2014,162661,175000,0.15,20913,3,Opt-Out
GE-1287,Male,IT,Entry,Poland,9/18/2020,94012,95000,0.05,5372,4,Standard
GE-1288,Female,Sales,Senior,Poland,6/19/2019,191571,175000,0.15,24630,3,Opt-Out
GE-1289,Male,IT,Senior,Spain,12/20/2022,159999,175000,0.15,20571,3,Standard
GE-1290,Female,Sales,Professional,France,5/29/2022,119512,130000,0.1,10243,3,Gold Health
GE-1291,Male,IT,Entry,UK,3/16/2016,100225,95000,0.05,7158,5,Opt-Out
GE-1292,Female,Engineering,Senior,Poland,1/8/2021,170788,175000,0.15,29277,4,Standard
GE-1293,Male,HR,Professional,Poland,5/20/2017,104643,130000,0.1,11959,4,Opt-Out
GE-1294,Male,IT,Senior,Poland,4/2/2020,170020,175000,0.15,21859,3,Silver Health
GE-1295,Male,IT,Senior,Poland,7/15/2014,179504,175000,0.15,23079,3,Opt-Out
GE-1296,Male,Engineering,Professional,Poland,2/6/2017,107153,130000,0.1,9184,3,Gold Health
GE-1297,Male,Operations,Manager,France,11/12/2021,253834,240000,0.2,43514,3,Silver Health
GE-1298,Male,Engineering,Senior,UK,6/6/2019,208552,175000,0.15,26813,3,Silver Health
GE-1299,Female,Marketing,Manager,Germany,6/14/2020,237456,240000,0.2,27137,2,Opt-Out
GE-1300,Female,Operations,Professional,France,2/17/2020,145077,130000,0.1,12435,3,Opt-Out
GE-1301,Female,IT,Senior,France,12/10/2017,177728,175000,0.15,15233,2,Standard
GE-1302,Female,Operations,Entry,Germany,8/4/2019,107172,95000,0.05,4593,3,Standard
GE-1303,Male,Operations,Director,UK,5/3/2016,297288,340000,0.3,101927,4,Opt-Out
GE-1304,Female,HR,Senior,UK,9/5/2015,162930,175000,0.15,27930,4,Gold Health
GE-1305,Male,Operations,Professional,UK,7/17/2015,130469,130000,0.1,14910,4,Silver Health
GE-1306,Female,Operations,Senior,Germany,9/15/2018,194861,175000,0.15,33404,4,Standard
GE-1307,Male,IT,Entry,UK,9/15/2016,110875,95000,0.05,4751,3,Standard
GE-1308,Male,Operations,Senior,UK,12/16/2018,189045,175000,0.15,32407,4,Silver Health
GE-1309,Male,IT,Senior,Poland,4/18/2019,173837,175000,0.15,22350,3,Gold Health
GE-1310,Female,HR,Professional,Poland,3/4/2016,112416,130000,0.1,12847,4,Gold Health
GE-1311,Female,Finance,Professional,France,1/27/2015,120873,130000,0.1,13814,4,Silver Health
GE-1312,Female,Sales,Entry,France,12/6/2018,89357,95000,0.05,6382,5,Gold Health
GE-1313,Male,Sales,Senior,Germany,10/4/2021,177369,175000,0.15,22804,3,Gold Health
GE-1314,Male,HR,Director,Spain,2/12/2016,305799,340000,0.3,78634,3,Gold Health
GE-1315,Male,HR,Manager,France,3/6/2017,266959,240000,0.2,61019,4,Silver Health
GE-1316,Male,Operations,Senior,Poland,2/25/2014,171100,175000,0.15,29331,4,Standard
GE-1317,Female,HR,Entry,Germany,4/29/2020,102932,95000,0.05,7352,5,Gold Health
GE-1318,Male,IT,Senior,Spain,4/13/2020,198206,175000,0.15,33978,4,Standard
GE-1319,Male,IT,Professional,France,3/6/2018,122230,130000,0.1,10476,3,Standard
GE-1320,Male,Engineering,Professional,France,3/12/2016,130114,130000,0.1,11152,3,Standard
GE-1321,Male,Marketing,Entry,Poland,9/17/2016,83899,95000,0.05,3595,3,Silver Health
GE-1322,Female,Sales,Professional,UK,10/3/2021,145869,130000,0.1,20838,5,Silver Health
GE-1323,Male,Finance,Senior,UK,1/30/2016,162977,175000,0.15,20954,3,Opt-Out
GE-1324,Female,Sales,Professional,Germany,12/2/2021,141636,130000,0.1,12140,3,Gold Health
GE-1325,Male,Sales,Senior,Spain,3/28/2017,174346,175000,0.15,14943,2,Opt-Out
GE-1326,Male,Marketing,Professional,Germany,5/31/2020,115870,130000,0.1,9931,3,Standard
GE-1327,Female,Marketing,Senior,UK,6/4/2020,157116,175000,0.15,13467,2,Gold Health
GE-1328,Female,Sales,Professional,UK,7/5/2021,129420,130000,0.1,11093,3,Opt-Out
GE-1329,Male,IT,Professional,France,12/23/2015,131415,130000,0.1,15018,4,Gold Health
GE-1330,Male,Operations,Senior,UK,8/12/2017,149122,175000,0.15,19172,3,Standard
GE-1331,Female,HR,Entry,Spain,10/31/2020,102053,95000,0.05,5831,4,Opt-Out
GE-1332,Male,IT,Entry,Germany,11/4/2014,113552,95000,0.05,3244,2,Opt-Out
GE-1333,Male,Finance,Professional,Poland,5/22/2021,141337,130000,0.1,12114,3,Gold Health
GE-1334,Male,Sales,Professional,Spain,5/14/2017,130341,130000,0.1,14896,4,Silver Health
GE-1335,Female,Operations,Professional,Germany,4/2/2018,121043,130000,0.1,3458,1,Standard
GE-1336,Male,Sales,Professional,Spain,4/20/2020,141040,130000,0.1,12089,3,Opt-Out
GE-1337,Male,Operations,Professional,Spain,1/10/2021,120588,130000,0.1,13781,4,Standard
GE-1338,Female,Operations,Director,Poland,10/1/2022,336101,340000,0.3,86425,3,Standard
GE-1339,Male,Operations,Professional,UK,11/18/2021,142828,130000,0.1,12242,3,Gold Health
GE-1340,Female,Operations,Senior,France,1/20/2019,164676,175000,0.15,7057,1,Gold Health
GE-1341,Female,Marketing,Professional,Poland,7/23/2019,149782,130000,0.1,12838,3,Opt-Out
GE-1342,Female,IT,Professional,UK,7/13/2015,122779,130000,0.1,7015,2,Gold Health
GE-1343,Female,Engineering,Professional,Poland,6/15/2022,112745,130000,0.1,12885,4,Silver Health
GE-1344,Male,IT,Professional,UK,5/28/2019,142718,130000,0.1,8155,2,Silver Health
GE-1345,Female,IT,Director,UK,10/23/2021,357769,340000,0.3,91997,3,Silver Health
GE-1346,Male,Engineering,Senior,Spain,2/17/2023,188959,175000,0.15,24294,3,Gold Health
GE-1347,Female,Marketing,Professional,Spain,9/2/2022,147897,130000,0.1,16902,4,Standard
GE-1348,Male,Sales,Manager,France,12/23/2015,236466,240000,0.2,40537,3,Opt-Out
GE-1349,Male,HR,Manager,Germany,12/3/2020,245453,240000,0.2,70129,5,Silver Health
GE-1350,Male,HR,Entry,France,6/24/2022,84340,95000,0.05,3614,3,Silver Health
GE-1351,Male,Marketing,Senior,UK,1/30/2021,188585,175000,0.15,24246,3,Standard
GE-1352,Female,IT,Senior,Spain,2/24/2019,161258,175000,0.15,27644,4,Opt-Out
GE-1353,Male,Sales,Professional,Germany,8/26/2015,110457,130000,0.1,12623,4,Standard
GE-1354,Female,IT,Professional,Germany,3/2/2022,134858,130000,0.1,7706,2,Gold Health
GE-1355,Male,Engineering,Manager,Germany,1/28/2021,216822,240000,0.2,37169,3,Silver Health
GE-1356,Female,Engineering,Senior,France,2/28/2017,190501,175000,0.15,32657,4,Standard
GE-1357,Male,Marketing,Professional,France,3/11/2017,102209,130000,0.1,11681,4,Standard
GE-1358,Male,IT,Professional,Poland,3/16/2018,140849,130000,0.1,20121,5,Standard
GE-1359,Female,IT,Senior,France,10/26/2018,155996,175000,0.15,13371,2,Standard
GE-1360,Female,Operations,Director,France,4/9/2017,357874,340000,0.3,30674,1,Standard
GE-1361,Female,Engineering,Professional,Poland,7/20/2015,123012,130000,0.1,7029,2,Standard
GE-1362,Female,Finance,Director,Germany,1/3/2021,296214,340000,0.3,76169,3,Gold Health
GE-1363,Female,Finance,Professional,Spain,11/18/2014,134985,130000,0.1,7713,2,Gold Health
GE-1364,Male,Sales,Manager,Poland,4/17/2020,221021,240000,0.2,12629,1,Gold Health
GE-1365,Male,Sales,Professional,UK,2/24/2018,155137,130000,0.1,13297,3,Gold Health
GE-1366,Female,Sales,Senior,Spain,4/9/2021,169296,175000,0.15,29022,4,Silver Health
GE-1367,Male,Sales,Director,Spain,6/15/2020,319509,340000,0.3,82159,3,Gold Health
GE-1368,Male,Marketing,Professional,France,6/16/2020,119681,130000,0.1,10258,3,Opt-Out
GE-1369,Male,HR,Manager,Germany,3/4/2017,241420,240000,0.2,27590,2,Silver Health
GE-1370,Male,Operations,Entry,UK,11/4/2014,97076,95000,0.05,6934,5,Silver Health
GE-1371,Male,HR,Manager,Germany,7/16/2017,285408,240000,0.2,81545,5,Opt-Out
GE-1372,Male,Marketing,Professional,Poland,8/21/2022,153226,130000,0.1,17511,4,Standard
GE-1373,Male,IT,Senior,Poland,6/30/2016,179993,175000,0.15,15427,2,Gold Health
GE-1374,Male,Engineering,Professional,UK,11/24/2016,142427,130000,0.1,12208,3,Opt-Out
GE-1375,Female,Finance,Professional,Poland,10/8/2019,130972,130000,0.1,7484,2,Opt-Out
GE-1376,Male,Marketing,Professional,Spain,1/31/2014,134577,130000,0.1,15380,4,Standard
GE-1377,Male,Engineering,Entry,Spain,9/20/2016,80246,95000,0.05,3439,3,Silver Health
GE-1378,Female,Finance,Professional,UK,12/2/2023,152038,130000,0.1,13031,3,Gold Health
GE-1379,Male,Engineering,Manager,France,5/27/2016,191028,240000,0.2,32747,3,Silver Health
GE-1380,Male,Marketing,Entry,Germany,8/24/2019,84748,95000,0.05,3632,3,Standard
GE-1381,Male,Operations,Professional,Spain,11/24/2020,105934,130000,0.1,6053,2,Opt-Out
GE-1382,Male,Marketing,Senior,Poland,9/5/2019,185474,175000,0.15,31795,4,Silver Health
GE-1383,Male,Operations,Professional,France,7/12/2021,146051,130000,0.1,16691,4,Opt-Out
GE-1384,Female,Marketing,Entry,Germany,2/14/2022,115305,95000,0.05,4941,3,Silver Health
GE-1385,Female,Operations,Entry,France,7/17/2018,87520,95000,0.05,3750,3,Opt-Out
GE-1386,Female,Marketing,Entry,Spain,12/17/2014,89841,95000,0.05,3850,3,Silver Health
GE-1387,Male,Operations,Senior,Spain,12/17/2022,174380,175000,0.15,29893,4,Silver Health
GE-1388,Female,Engineering,Professional,UK,6/17/2021,128694,130000,0.1,11030,3,Gold Health
GE-1389,Male,Finance,Entry,Germany,11/24/2016,100391,95000,0.05,5736,4,Opt-Out
GE-1390,Male,Finance,Professional,Poland,2/5/2021,143502,130000,0.1,12300,3,Standard
GE-1391,Female,Engineering,Entry,Spain,1/20/2018,72383,95000,0.05,4136,4,Gold Health
GE-1392,Male,HR,Entry,Spain,6/27/2014,87302,95000,0.05,2494,2,Opt-Out
GE-1393,Male,Marketing,Senior,Spain,8/13/2021,189812,175000,0.15,24404,3,Standard
GE-1394,Male,Marketing,Professional,UK,2/19/2016,121441,130000,0.1,13878,4,Opt-Out
GE-1395,Male,HR,Director,Spain,7/15/2019,430009,340000,0.3,110573,3,Silver Health
GE-1396,Female,Engineering,Entry,France,12/2/2018,97530,95000,0.05,2786,2,Standard
GE-1397,Male,Finance,Professional,Germany,10/30/2015,120174,130000,0.1,10300,3,Opt-Out
GE-1398,Female,Marketing,Professional,Germany,12/10/2023,134642,130000,0.1,15387,4,Standard
GE-1399,Male,Sales,Professional,Germany,10/4/2014,105619,130000,0.1,3017,1,Opt-Out
GE-1400,Female,HR,Senior,Germany,2/25/2020,206141,175000,0.15,26503,3,Opt-Out
GE-1401,Male,HR,Professional,France,3/17/2018,118367,130000,0.1,16909,5,Silver Health
GE-1402,Male,Finance,Professional,UK,6/9/2019,130101,130000,0.1,11151,3,Silver Health
GE-1403,Male,HR,Professional,Poland,11/28/2022,132790,130000,0.1,11382,3,Silver Health
GE-1404,Female,IT,Manager,Germany,11/26/2019,300454,240000,0.2,68675,4,Gold Health
GE-1405,Female,HR,Manager,Poland,1/2/2019,280149,240000,0.2,64034,4,Opt-Out
GE-1406,Male,Sales,Entry,Germany,7/24/2022,96675,95000,0.05,5524,4,Opt-Out
GE-1407,Male,Finance,Senior,France,10/30/2016,158965,175000,0.15,27251,4,Gold Health
GE-1408,Female,Engineering,Entry,Germany,10/9/2019,88724,95000,0.05,5069,4,Silver Health
GE-1409,Female,Marketing,Entry,France,10/10/2017,78499,95000,0.05,3364,3,Opt-Out
GE-1410,Female,HR,Senior,Germany,12/3/2017,160233,175000,0.15,13734,2,Silver Health
GE-1411,Female,IT,Senior,Germany,7/20/2019,148528,175000,0.15,25461,4,Opt-Out
GE-1412,Male,Sales,Professional,Poland,11/1/2016,119146,130000,0.1,10212,3,Gold Health
GE-1413,Male,Operations,Entry,Poland,2/9/2018,85023,95000,0.05,6073,5,Standard
GE-1414,Male,Marketing,Professional,Poland,11/19/2017,107091,130000,0.1,9179,3,Gold Health
GE-1415,Male,Marketing,Professional,France,12/29/2023,125039,130000,0.1,17862,5,Silver Health
GE-1416,Male,Engineering,Professional,Germany,1/24/2016,139947,130000,0.1,11995,3,Standard
GE-1417,Male,Operations,Professional,Spain,10/15/2019,133443,130000,0.1,11437,3,Opt-Out
GE-1418,Male,Operations,Professional,Germany,6/25/2016,149223,130000,0.1,12790,3,Opt-Out
GE-1419,Female,Operations,Manager,UK,12/28/2019,210992,240000,0.2,36170,3,Standard
GE-1420,Female,Sales,Entry,Spain,7/21/2017,84318,95000,0.05,3613,3,Opt-Out
GE-1421,Female,Operations,Senior,Poland,4/25/2018,177692,175000,0.15,22846,3,Silver Health
GE-1422,Female,Sales,Senior,Germany,5/13/2022,157485,175000,0.15,26997,4,Opt-Out
GE-1423,Female,Engineering,Professional,UK,5/17/2015,111879,130000,0.1,9589,3,Gold Health
GE-1424,Male,Sales,Entry,Poland,1/5/2018,119930,95000,0.05,5139,3,Silver Health
GE-1425,Female,Marketing,Senior,Spain,12/1/2017,199912,175000,0.15,25702,3,Gold Health
GE-1426,Male,HR,Senior,Germany,1/14/2020,196062,175000,0.15,25207,3,Gold Health
GE-1427,Female,Marketing,Senior,Poland,8/20/2020,181947,175000,0.15,23393,3,Gold Health
GE-1428,Female,IT,Senior,Germany,2/15/2018,172436,175000,0.15,22170,3,Gold Health
GE-1429,Female,Finance,Professional,Poland,12/28/2017,111893,130000,0.1,6393,2,Standard
GE-1430,Female,Sales,Professional,UK,12/17/2019,124537,130000,0.1,10674,3,Silver Health
GE-1431,Male,Marketing,Professional,UK,8/14/2020,154824,130000,0.1,13270,3,Gold Health
GE-1432,Female,HR,Entry,Germany,3/2/2015,91257,95000,0.05,3911,3,Standard
GE-1433,Male,Finance,Entry,UK,7/12/2020,86733,95000,0.05,4956,4,Opt-Out
GE-1434,Female,HR,Entry,France,11/25/2015,95218,95000,0.05,4080,3,Standard
GE-1435,Female,IT,Manager,France,1/17/2016,261278,240000,0.2,59720,4,Silver Health
GE-1436,Female,Marketing,Manager,UK,12/24/2018,257066,240000,0.2,44068,3,Silver Health
GE-1437,Male,Operations,Entry,Germany,4/8/2020,97172,95000,0.05,4164,3,Opt-Out
GE-1438,Female,Operations,Senior,Spain,6/29/2016,163606,175000,0.15,21035,3,Standard
GE-1439,Female,Engineering,Entry,UK,8/22/2016,93853,95000,0.05,5363,4,Gold Health
GE-1440,Female,IT,Manager,Poland,2/19/2014,258857,240000,0.2,59167,4,Opt-Out
GE-1441,Male,Operations,Senior,France,9/15/2021,141488,175000,0.15,18191,3,Opt-Out
GE-1442,Male,Marketing,Professional,Poland,1/19/2019,124317,130000,0.1,10655,3,Opt-Out
GE-1443,Male,Marketing,Professional,UK,10/9/2019,150096,130000,0.1,8576,2,Gold Health
GE-1444,Male,Sales,Professional,UK,12/10/2023,150363,130000,0.1,12888,3,Opt-Out
GE-1445,Male,HR,Professional,Poland,2/26/2014,111514,130000,0.1,3186,1,Opt-Out
GE-1446,Male,Operations,Entry,Poland,7/26/2016,99280,95000,0.05,5673,4,Silver Health
GE-1447,Female,Sales,Senior,Germany,4/29/2022,166284,175000,0.15,14252,2,Gold Health
GE-1448,Male,Finance,Senior,Spain,10/1/2020,168996,175000,0.15,28970,4,Gold Health
GE-1449,Male,Marketing,Professional,Spain,7/8/2015,142451,130000,0.1,16280,4,Standard
GE-1450,Female,IT,Senior,Poland,7/27/2020,183413,175000,0.15,23581,3,Gold Health
GE-1451,Female,Sales,Professional,UK,9/13/2015,112455,130000,0.1,9639,3,Standard
GE-1452,Female,Engineering,Senior,Spain,2/3/2023,162391,175000,0.15,27838,4,Gold Health
GE-1453,Male,Engineering,Professional,Spain,11/16/2016,126885,130000,0.1,14501,4,Opt-Out
GE-1454,Male,Finance,Senior,Spain,9/5/2014,153536,175000,0.15,32900,5,Standard
GE-1455,Male,Finance,Professional,Germany,5/1/2014,109195,130000,0.1,15599,5,Standard
GE-1456,Male,Operations,Entry,Poland,4/3/2015,83019,95000,0.05,4743,4,Standard
GE-1457,Male,Engineering,Entry,Germany,1/12/2022,104002,95000,0.05,5942,4,Standard
GE-1458,Male,HR,Entry,Poland,6/27/2021,92010,95000,0.05,6572,5,Silver Health
GE-1459,Female,Operations,Manager,Germany,7/29/2017,276185,240000,0.2,63128,4,Standard
GE-1460,Female,Sales,Professional,Germany,10/6/2020,138682,130000,0.1,11887,3,Standard
GE-1461,Male,Sales,Professional,UK,1/22/2017,147581,130000,0.1,12649,3,Silver Health
GE-1462,Male,Sales,Professional,Spain,10/3/2018,122020,130000,0.1,6972,2,Standard
GE-1463,Female,Operations,Entry,Spain,7/4/2023,95070,95000,0.05,4074,3,Gold Health
GE-1464,Male,Operations,Professional,Germany,11/21/2017,162376,130000,0.1,23196,5,Opt-Out
GE-1465,Male,Marketing,Manager,UK,7/31/2015,268460,240000,0.2,30681,2,Opt-Out
GE-1466,Male,IT,Professional,UK,8/11/2018,136004,130000,0.1,11657,3,Opt-Out
GE-1467,Female,IT,Professional,Germany,8/18/2016,119808,130000,0.1,6846,2,Silver Health
GE-1468,Female,Sales,Entry,Poland,3/5/2021,97272,95000,0.05,2779,2,Standard
GE-1469,Male,HR,Entry,Poland,5/5/2019,102268,95000,0.05,5843,4,Silver Health
GE-1470,Female,Finance,Entry,Spain,11/18/2020,98123,95000,0.05,4205,3,Silver Health
GE-1471,Male,HR,Professional,UK,2/15/2020,118129,130000,0.1,10125,3,Standard
GE-1472,Male,IT,Professional,Germany,7/29/2014,124250,130000,0.1,10650,3,Silver Health
GE-1473,Male,HR,Professional,Spain,12/27/2017,108655,130000,0.1,9313,3,Standard
GE-1474,Male,Finance,Professional,UK,7/2/2023,153335,130000,0.1,13143,3,Silver Health
GE-1475,Female,Finance,Senior,France,9/5/2018,170299,175000,0.15,21895,3,Gold Health
GE-1476,Male,IT,Entry,Germany,1/11/2021,98335,95000,0.05,5619,4,Opt-Out
GE-1477,Female,HR,Professional,France,11/4/2023,124013,130000,0.1,14172,4,Silver Health
GE-1478,Male,Marketing,Professional,France,10/2/2018,127097,130000,0.1,10894,3,Standard
GE-1479,Male,Sales,Professional,Spain,7/21/2015,132297,130000,0.1,7559,2,Silver Health
GE-1480,Female,Engineering,Senior,France,2/3/2015,167680,175000,0.15,21558,3,Silver Health
GE-1481,Female,IT,Professional,Germany,3/16/2016,153403,130000,0.1,4382,1,Standard
GE-1482,Male,IT,Entry,Spain,3/9/2015,102435,95000,0.05,4390,3,Standard
GE-1483,Female,Marketing,Entry,Germany,4/23/2015,85058,95000,0.05,6075,5,Standard
GE-1484,Male,Marketing,Senior,UK,5/16/2017,178193,175000,0.15,22910,3,Opt-Out
GE-1485,Female,Marketing,Senior,Germany,8/7/2018,178425,175000,0.15,22940,3,Gold Health
GE-1486,Female,Engineering,Entry,UK,6/6/2023,101131,95000,0.05,5778,4,Gold Health
GE-1487,Female,Finance,Professional,France,10/3/2015,157848,130000,0.1,13529,3,Opt-Out
GE-1488,Male,Marketing,Professional,Spain,4/6/2022,151774,130000,0.1,17345,4,Gold Health
GE-1489,Female,IT,Professional,Germany,6/10/2023,113605,130000,0.1,9737,3,Standard
GE-1490,Female,Sales,Senior,Spain,3/3/2023,192224,175000,0.15,8238,1,Silver Health
GE-1491,Male,Operations,Senior,Poland,5/17/2016,162160,175000,0.15,13899,2,Gold Health
GE-1492,Female,IT,Entry,UK,6/17/2014,79395,95000,0.05,3402,3,Standard
GE-1493,Female,Sales,Senior,France,4/29/2014,196032,175000,0.15,25204,3,Opt-Out
GE-1494,Female,Marketing,Entry,UK,2/18/2016,100173,95000,0.05,4293,3,Standard
GE-1495,Male,Operations,Professional,UK,3/2/2019,106063,130000,0.1,9091,3,Standard
GE-1496,Female,Marketing,Professional,Poland,3/23/2023,113127,130000,0.1,9696,3,Gold Health
GE-1497,Male,Operations,Senior,UK,10/19/2017,160781,175000,0.15,27562,4,Standard
GE-1498,Female,Marketing,Entry,Germany,5/16/2018,74666,95000,0.05,1066,1,Opt-Out
GE-1499,Female,HR,Professional,Spain,12/17/2020,150930,130000,0.1,12936,3,Gold Health
GE-1500,Female,IT,Professional,France,4/18/2014,119156,130000,0.1,3404,1,Opt-Out
GE-1501,Female,HR,Professional,Poland,3/4/2019,130627,130000,0.1,11196,3,Silver Health
GE-1502,Male,Engineering,Entry,Poland,12/8/2022,99832,95000,0.05,4278,3,Opt-Out
GE-1503,Female,Sales,Professional,UK,6/4/2019,134938,130000,0.1,11566,3,Opt-Out
GE-1504,Female,HR,Professional,Spain,9/20/2018,136292,130000,0.1,11682,3,Gold Health
GE-1505,Female,Finance,Manager,France,6/15/2017,235969,240000,0.2,67419,5,Gold Health
GE-1506,Male,IT,Senior,Spain,3/4/2023,193684,175000,0.15,24902,3,Opt-Out
GE-1507,Female,HR,Senior,Spain,1/20/2014,178320,175000,0.15,22926,3,Silver Health
GE-1508,Male,Finance,Professional,Germany,6/24/2023,139833,130000,0.1,15980,4,Opt-Out
GE-1509,Female,IT,Senior,France,6/13/2018,167567,175000,0.15,21544,3,Opt-Out
GE-1510,Male,Marketing,Professional,France,12/1/2018,105469,130000,0.1,6026,2,Opt-Out
GE-1511,Male,Finance,Professional,Germany,11/12/2016,124013,130000,0.1,10629,3,Standard
GE-1512,Male,Operations,Professional,Germany,4/21/2022,118534,130000,0.1,16933,5,Opt-Out
GE-1513,Female,Sales,Entry,Poland,12/26/2021,99674,95000,0.05,5695,4,Standard
GE-1514,Male,Engineering,Professional,UK,7/21/2014,115083,130000,0.1,9864,3,Gold Health
GE-1515,Female,Finance,Senior,Spain,1/27/2016,171191,175000,0.15,22010,3,Gold Health
GE-1516,Male,Operations,Professional,UK,3/13/2021,101918,130000,0.1,14559,5,Standard
GE-1517,Male,Operations,Entry,Germany,1/4/2018,98810,95000,0.05,4234,3,Standard
GE-1518,Male,IT,Professional,Poland,3/26/2021,134607,130000,0.1,15383,4,Gold Health
GE-1519,Female,IT,Entry,Germany,4/4/2019,93565,95000,0.05,5346,4,Silver Health
GE-1520,Female,Operations,Senior,Germany,4/24/2017,153599,175000,0.15,32914,5,Standard
GE-1521,Female,Engineering,Senior,Poland,7/4/2020,148741,175000,0.15,19123,3,Opt-Out
GE-1522,Female,Sales,Senior,Spain,2/8/2017,153423,175000,0.15,19725,3,Standard
GE-1523,Female,Engineering,Professional,France,7/28/2023,127747,130000,0.1,14599,4,Silver Health
GE-1524,Female,IT,Professional,Spain,10/27/2023,134551,130000,0.1,19221,5,Gold Health
GE-1525,Male,Finance,Professional,France,2/10/2021,122006,130000,0.1,17429,5,Opt-Out
GE-1526,Male,Finance,Manager,France,10/27/2015,214385,240000,0.2,36751,3,Opt-Out
GE-1527,Female,Sales,Entry,UK,4/29/2018,93180,95000,0.05,3993,3,Opt-Out
GE-1528,Female,Sales,Manager,Poland,10/17/2016,290259,240000,0.2,49758,3,Gold Health
GE-1529,Male,IT,Entry,UK,11/12/2021,99942,95000,0.05,2855,2,Standard
GE-1530,Female,Sales,Manager,UK,12/21/2018,246645,240000,0.2,42282,3,Standard
GE-1531,Male,IT,Senior,Spain,3/28/2021,175001,175000,0.15,22500,3,Opt-Out
GE-1532,Male,Operations,Entry,Germany,6/14/2015,119525,95000,0.05,5122,3,Opt-Out
GE-1533,Female,Finance,Senior,Germany,8/9/2019,143272,175000,0.15,18420,3,Standard
GE-1534,Female,HR,Entry,Poland,2/25/2017,82108,95000,0.05,4691,4,Standard
GE-1535,Male,Finance,Senior,Poland,4/14/2018,162646,175000,0.15,27882,4,Gold Health
GE-1536,Male,Finance,Senior,France,10/30/2018,178294,175000,0.15,22923,3,Gold Health
GE-1537,Female,HR,Director,UK,8/1/2023,281807,340000,0.3,72464,3,Gold Health
GE-1538,Female,Finance,Professional,Poland,8/11/2014,133672,130000,0.1,11457,3,Standard
GE-1539,Female,IT,Professional,Spain,7/1/2017,122844,130000,0.1,14039,4,Opt-Out
GE-1540,Female,Finance,Entry,France,12/21/2023,88367,95000,0.05,5049,4,Opt-Out
GE-1541,Female,Operations,Entry,UK,4/8/2020,103164,95000,0.05,4421,3,Opt-Out
GE-1542,Male,Operations,Manager,Spain,6/14/2019,234802,240000,0.2,13417,1,Silver Health
GE-1543,Female,Sales,Entry,France,5/15/2021,90189,95000,0.05,3865,3,Gold Health
GE-1544,Female,HR,Professional,Germany,10/20/2018,151835,130000,0.1,13014,3,Standard
GE-1545,Male,IT,Entry,Poland,2/24/2020,110579,95000,0.05,3159,2,Standard
GE-1546,Male,HR,Manager,Spain,7/19/2014,266118,240000,0.2,30413,2,Gold Health
GE-1547,Female,Operations,Senior,Germany,6/1/2014,156960,175000,0.15,6726,1,Gold Health
GE-1548,Female,HR,Entry,Poland,12/15/2014,94690,95000,0.05,5410,4,Opt-Out
GE-1549,Male,Finance,Manager,Poland,5/9/2016,271049,240000,0.2,77442,5,Opt-Out
GE-1550,Male,Marketing,Senior,UK,2/6/2014,185613,175000,0.15,23864,3,Gold Health
GE-1551,Female,Engineering,Professional,Germany,4/26/2018,128074,130000,0.1,10977,3,Opt-Out
GE-1552,Male,Sales,Professional,UK,8/13/2020,111297,130000,0.1,9539,3,Gold Health
GE-1553,Female,IT,Professional,Germany,12/13/2016,137917,130000,0.1,11821,3,Standard
GE-1554,Female,Sales,Senior,Spain,6/30/2017,145513,175000,0.15,12472,2,Silver Health
GE-1555,Female,IT,Manager,UK,8/4/2018,197349,240000,0.2,22554,2,Standard
GE-1556,Female,Marketing,Entry,Poland,8/13/2022,96838,95000,0.05,5533,4,Standard
GE-1557,Male,Operations,Professional,France,1/23/2018,137400,130000,0.1,15702,4,Opt-Out
GE-1558,Female,HR,Senior,France,10/7/2021,177100,175000,0.15,30360,4,Gold Health
GE-1559,Male,Operations,Senior,France,10/14/2014,183114,175000,0.15,31390,4,Opt-Out
GE-1560,Female,Marketing,Professional,Poland,4/23/2020,122171,130000,0.1,10471,3,Standard
GE-1561,Female,Operations,Professional,UK,3/25/2014,118972,130000,0.1,10197,3,Opt-Out
GE-1562,Female,Marketing,Senior,UK,10/6/2022,181776,175000,0.15,23371,3,Standard
GE-1563,Male,IT,Senior,France,10/18/2016,156226,175000,0.15,20086,3,Gold Health
GE-1564,Female,Finance,Professional,UK,1/11/2021,145710,130000,0.1,12489,3,Opt-Out
GE-1565,Male,Operations,Manager,Germany,4/28/2022,194699,240000,0.2,44502,4,Opt-Out
GE-1566,Female,Finance,Professional,Spain,7/6/2017,124629,130000,0.1,10682,3,Silver Health
GE-1567,Male,Marketing,Entry,Spain,12/11/2023,104835,95000,0.05,5990,4,Standard
GE-1568,Male,Engineering,Senior,UK,8/20/2023,204297,175000,0.15,26266,3,Standard
GE-1569,Female,Sales,Entry,Poland,6/9/2021,91947,95000,0.05,3940,3,Silver Health
GE-1570,Male,Sales,Manager,France,6/9/2019,239179,240000,0.2,27334,2,Opt-Out
GE-1571,Male,Sales,Professional,Poland,10/22/2017,147802,130000,0.1,16891,4,Standard
GE-1572,Male,Operations,Professional,Poland,7/14/2020,109734,130000,0.1,12541,4,Opt-Out
GE-1573,Female,Finance,Manager,Spain,5/4/2014,288095,240000,0.2,16462,1,Opt-Out
GE-1574,Male,Engineering,Professional,UK,1/25/2023,157347,130000,0.1,13486,3,Gold Health
GE-1575,Female,HR,Manager,France,10/1/2020,251493,240000,0.2,43113,3,Standard
GE-1576,Female,Finance,Professional,Germany,11/8/2014,119252,130000,0.1,10221,3,Standard
GE-1577,Male,HR,Entry,Germany,5/23/2019,78045,95000,0.05,3344,3,Gold Health
GE-1578,Male,Operations,Manager,Germany,5/5/2016,286523,240000,0.2,65490,4,Silver Health
GE-1579,Male,Engineering,Professional,UK,9/23/2020,119826,130000,0.1,10270,3,Gold Health
GE-1580,Male,Marketing,Entry,Germany,4/11/2016,96036,95000,0.05,2743,2,Gold Health
GE-1581,Female,HR,Senior,Poland,11/6/2019,170999,175000,0.15,29314,4,Gold Health
GE-1582,Male,Operations,Director,Poland,4/25/2014,304022,340000,0.3,78177,3,Opt-Out
GE-1583,Male,Operations,Professional,Spain,3/8/2019,128077,130000,0.1,7318,2,Standard
GE-1584,Female,IT,Professional,UK,7/31/2020,118784,130000,0.1,10181,3,Silver Health
GE-1585,Male,Operations,Entry,Poland,11/10/2020,81810,95000,0.05,5843,5,Gold Health
GE-1586,Male,IT,Senior,Germany,8/12/2019,168675,175000,0.15,14457,2,Standard
GE-1587,Male,Operations,Entry,UK,1/27/2022,75934,95000,0.05,5423,5,Standard
GE-1588,Male,IT,Professional,UK,4/10/2022,154554,130000,0.1,13247,3,Silver Health
GE-1589,Male,IT,Director,France,6/30/2022,414179,340000,0.3,71002,2,Gold Health
GE-1590,Female,Sales,Director,Poland,7/19/2018,368954,340000,0.3,31624,1,Silver Health
GE-1591,Male,HR,Senior,Poland,6/14/2020,171913,175000,0.15,22103,3,Gold Health
GE-1592,Male,Operations,Professional,Poland,12/18/2017,109014,130000,0.1,3114,1,Gold Health
GE-1593,Female,Marketing,Professional,France,1/11/2019,123446,130000,0.1,10581,3,Gold Health
GE-1594,Male,Marketing,Entry,Germany,2/14/2019,113889,95000,0.05,4880,3,Opt-Out
GE-1595,Female,HR,Professional,UK,8/14/2022,142722,130000,0.1,12233,3,Silver Health
GE-1596,Female,Engineering,Manager,Spain,10/2/2014,258983,240000,0.2,14799,1,Silver Health
GE-1597,Male,IT,Senior,Poland,1/17/2022,145868,175000,0.15,31257,5,Silver Health
GE-1598,Female,Sales,Entry,UK,1/9/2015,83201,95000,0.05,3565,3,Gold Health
GE-1599,Female,IT,Entry,Spain,12/7/2021,90678,95000,0.05,3886,3,Standard
GE-1600,Male,Marketing,Manager,Spain,9/26/2023,251633,240000,0.2,57516,4,Silver Health
GE-1601,Male,IT,Director,Germany,2/24/2021,331293,340000,0.3,113586,4,Gold Health
GE-1602,Female,Finance,Professional,Germany,12/24/2022,134698,130000,0.1,11545,3,Silver Health
GE-1603,Female,Engineering,Professional,Poland,1/16/2014,123597,130000,0.1,7062,2,Opt-Out
GE-1604,Female,Engineering,Professional,Germany,5/14/2014,138177,130000,0.1,19739,5,Standard
GE-1605,Male,IT,Professional,Spain,7/7/2021,119654,130000,0.1,10256,3,Gold Health
GE-1606,Female,Sales,Senior,France,1/7/2023,146953,175000,0.15,18893,3,Opt-Out
GE-1607,Male,Finance,Professional,Poland,2/12/2020,133257,130000,0.1,3807,1,Standard
GE-1608,Male,Sales,Senior,UK,8/2/2014,190383,175000,0.15,24477,3,Standard
GE-1609,Male,HR,Senior,France,10/6/2021,162752,175000,0.15,27900,4,Gold Health
GE-1610,Male,HR,Entry,Spain,2/20/2018,111820,95000,0.05,7987,5,Silver Health
GE-1611,Male,Marketing,Entry,Germany,9/9/2020,98647,95000,0.05,5636,4,Silver Health
GE-1612,Female,Engineering,Entry,Spain,1/14/2016,94029,95000,0.05,4029,3,Silver Health
GE-1613,Male,Engineering,Senior,UK,9/11/2016,192522,175000,0.15,16501,2,Gold Health
GE-1614,Male,Engineering,Senior,Germany,7/18/2014,171348,175000,0.15,36717,5,Silver Health
GE-1615,Male,Marketing,Professional,Spain,2/7/2023,118598,130000,0.1,13554,4,Opt-Out
GE-1616,Male,Marketing,Senior,Germany,9/29/2018,149448,175000,0.15,6404,1,Gold Health
GE-1617,Male,Engineering,Professional,France,12/17/2020,135014,130000,0.1,15430,4,Standard
GE-1618,Male,Engineering,Manager,UK,1/24/2021,241316,240000,0.2,41368,3,Silver Health
GE-1619,Female,HR,Senior,Spain,6/16/2014,169065,175000,0.15,21736,3,Silver Health
GE-1620,Male,Engineering,Manager,UK,7/10/2016,199469,240000,0.2,45592,4,Silver Health
GE-1621,Male,HR,Professional,UK,4/29/2015,121982,130000,0.1,13940,4,Opt-Out
GE-1622,Male,HR,Professional,Poland,3/8/2021,125690,130000,0.1,14364,4,Silver Health
GE-1623,Male,Marketing,Professional,UK,8/24/2021,112671,130000,0.1,16095,5,Standard
GE-1624,Female,Operations,Professional,Germany,12/7/2021,109758,130000,0.1,15679,5,Gold Health
GE-1625,Male,Finance,Entry,UK,5/5/2022,100221,95000,0.05,5726,4,Silver Health
GE-1626,Female,IT,Professional,France,11/4/2015,147276,130000,0.1,12623,3,Opt-Out
GE-1627,Female,Marketing,Professional,Poland,9/12/2022,163907,130000,0.1,9366,2,Opt-Out
GE-1628,Male,Finance,Professional,France,9/6/2018,118043,130000,0.1,13490,4,Opt-Out
GE-1629,Male,Finance,Entry,France,4/11/2023,103463,95000,0.05,4434,3,Opt-Out
GE-1630,Female,Sales,Entry,Poland,7/13/2015,100413,95000,0.05,4303,3,Standard
GE-1631,Male,IT,Professional,Spain,8/31/2023,163167,130000,0.1,18647,4,Silver Health
GE-1632,Female,HR,Manager,Spain,10/9/2020,294419,240000,0.2,50471,3,Standard
GE-1633,Female,Operations,Entry,Germany,1/3/2016,103454,95000,0.05,4433,3,Opt-Out
GE-1634,Female,Engineering,Professional,UK,1/14/2023,126616,130000,0.1,14470,4,Opt-Out
GE-1635,Female,Engineering,Manager,Spain,1/29/2021,241189,240000,0.2,55128,4,Standard
GE-1636,Female,Finance,Entry,Poland,4/25/2022,90524,95000,0.05,6466,5,Gold Health
GE-1637,Male,Marketing,Senior,UK,9/26/2015,153002,175000,0.15,19671,3,Gold Health
GE-1638,Female,HR,Professional,Poland,2/5/2015,113084,130000,0.1,16154,5,Gold Health
GE-1639,Male,IT,Manager,Poland,2/3/2022,280640,240000,0.2,16036,1,Standard
GE-1640,Female,Operations,Manager,Spain,7/30/2014,288903,240000,0.2,66034,4,Standard
GE-1641,Female,IT,Professional,Spain,11/20/2020,107104,130000,0.1,9180,3,Opt-Out
GE-1642,Male,Operations,Manager,Spain,1/22/2015,212390,240000,0.2,48546,4,Opt-Out
GE-1643,Female,Engineering,Manager,Poland,5/10/2023,276715,240000,0.2,47436,3,Gold Health
GE-1644,Male,HR,Senior,UK,6/23/2017,192836,175000,0.15,24793,3,Gold Health
GE-1645,Female,Operations,Entry,Poland,3/10/2014,90813,95000,0.05,5189,4,Standard
GE-1646,Male,Marketing,Professional,Poland,10/26/2017,125564,130000,0.1,7175,2,Silver Health
GE-1647,Male,Engineering,Senior,Germany,3/21/2020,163164,175000,0.15,27970,4,Opt-Out
GE-1648,Male,HR,Professional,Germany,3/14/2022,137042,130000,0.1,11746,3,Standard
GE-1649,Male,Marketing,Professional,Germany,8/7/2014,142837,130000,0.1,8162,2,Silver Health
GE-1650,Female,Marketing,Professional,UK,9/25/2018,114039,130000,0.1,9774,3,Gold Health
GE-1651,Female,Operations,Entry,Poland,6/9/2017,99505,95000,0.05,4264,3,Gold Health
GE-1652,Female,Engineering,Manager,Germany,4/2/2019,213498,240000,0.2,36599,3,Standard
GE-1653,Female,Finance,Professional,Poland,9/1/2018,131279,130000,0.1,7501,2,Opt-Out
GE-1654,Male,Sales,Entry,Germany,2/9/2019,87584,95000,0.05,2502,2,Standard
GE-1655,Female,Marketing,Professional,Spain,7/19/2016,120483,130000,0.1,3442,1,Opt-Out
GE-1656,Female,Operations,Manager,France,10/2/2023,235581,240000,0.2,53847,4,Opt-Out
GE-1657,Male,IT,Entry,Spain,8/27/2019,83262,95000,0.05,4757,4,Standard
GE-1658,Female,Sales,Professional,Germany,6/20/2015,134875,130000,0.1,3853,1,Gold Health
GE-1659,Male,Marketing,Senior,UK,2/14/2015,186572,175000,0.15,31983,4,Standard
GE-1660,Male,IT,Professional,France,1/5/2014,128167,130000,0.1,7323,2,Gold Health
GE-1661,Female,IT,Professional,Poland,7/22/2014,118295,130000,0.1,13519,4,Standard
GE-1662,Male,Sales,Professional,Poland,5/11/2014,140869,130000,0.1,16099,4,Standard
GE-1663,Male,HR,Professional,France,1/18/2019,144018,130000,0.1,16459,4,Gold Health
GE-1664,Female,Engineering,Entry,France,1/1/2018,109728,95000,0.05,6270,4,Standard
GE-1665,Male,HR,Entry,Spain,3/30/2018,81705,95000,0.05,2334,2,Standard
GE-1666,Male,Sales,Senior,Spain,12/18/2017,167849,175000,0.15,14387,2,Silver Health
GE-1667,Male,Operations,Senior,France,12/4/2023,161583,175000,0.15,20774,3,Standard
GE-1668,Female,HR,Senior,Germany,2/22/2015,168537,175000,0.15,21669,3,Silver Health
GE-1669,Female,Finance,Professional,Germany,7/10/2020,132500,130000,0.1,11357,3,Standard
GE-1670,Male,IT,Senior,Poland,9/18/2015,167196,175000,0.15,21496,3,Silver Health
GE-1671,Female,Operations,Professional,Poland,3/23/2020,148597,130000,0.1,12736,3,Gold Health
GE-1672,Male,IT,Professional,Germany,11/11/2022,135670,130000,0.1,19381,5,Gold Health
GE-1673,Male,Engineering,Manager,UK,1/25/2023,203167,240000,0.2,34828,3,Gold Health
GE-1674,Female,Finance,Manager,France,12/21/2019,202056,240000,0.2,11546,1,Standard
GE-1675,Female,HR,Professional,Poland,9/26/2015,156837,130000,0.1,13443,3,Gold Health
GE-1676,Male,Sales,Senior,Poland,10/28/2017,185570,175000,0.15,23859,3,Gold Health
GE-1677,Female,IT,Professional,France,6/5/2017,120704,130000,0.1,10346,3,Standard
GE-1678,Male,Operations,Senior,Spain,4/25/2014,164148,175000,0.15,35174,5,Standard
GE-1679,Female,Sales,Manager,Germany,8/9/2018,213580,240000,0.2,36613,3,Silver Health
GE-1680,Male,IT,Senior,France,5/17/2019,163738,175000,0.15,14034,2,Opt-Out
GE-1681,Female,Engineering,Professional,France,4/15/2020,152981,130000,0.1,17483,4,Opt-Out
GE-1682,Female,HR,Professional,UK,5/29/2020,132176,130000,0.1,11329,3,Gold Health
GE-1683,Female,Operations,Entry,UK,1/19/2022,85379,95000,0.05,3659,3,Silver Health
GE-1684,Female,Marketing,Entry,Germany,11/13/2019,83456,95000,0.05,3576,3,Opt-Out
GE-1685,Female,HR,Professional,UK,1/25/2015,132506,130000,0.1,7571,2,Gold Health
GE-1686,Female,Finance,Senior,Poland,1/13/2014,198921,175000,0.15,34100,4,Opt-Out
GE-1687,Male,Marketing,Entry,UK,1/13/2023,106536,95000,0.05,3043,2,Gold Health
GE-1688,Male,HR,Professional,France,10/27/2016,123531,130000,0.1,10588,3,Standard
GE-1689,Male,Marketing,Senior,France,5/6/2017,170637,175000,0.15,29252,4,Opt-Out
GE-1690,Female,Finance,Entry,Spain,4/8/2014,88270,95000,0.05,3783,3,Gold Health
GE-1691,Female,IT,Entry,UK,2/27/2017,90891,95000,0.05,3895,3,Gold Health
GE-1692,Male,HR,Professional,France,8/17/2014,112783,130000,0.1,6444,2,Silver Health
GE-1693,Male,Engineering,Professional,UK,5/11/2020,128514,130000,0.1,11015,3,Standard
GE-1694,Female,Finance,Senior,Poland,7/13/2014,172281,175000,0.15,36917,5,Standard
GE-1695,Male,Marketing,Senior,Germany,9/13/2023,172532,175000,0.15,22182,3,Standard
GE-1696,Male,Finance,Professional,Germany,2/22/2015,149136,130000,0.1,12783,3,Silver Health
GE-1697,Male,Marketing,Manager,Spain,7/23/2021,224129,240000,0.2,51229,4,Standard
GE-1698,Female,Sales,Senior,Poland,4/16/2020,181717,175000,0.15,23363,3,Gold Health
GE-1699,Male,Marketing,Manager,France,5/6/2017,234444,240000,0.2,40190,3,Opt-Out
GE-1700,Female,IT,Professional,UK,12/31/2022,127379,130000,0.1,10918,3,Standard
GE-1701,Male,Marketing,Professional,Germany,8/29/2021,137514,130000,0.1,11786,3,Silver Health
GE-1702,Male,HR,Professional,Germany,4/15/2020,127331,130000,0.1,14552,4,Silver Health
GE-1703,Female,Marketing,Professional,Spain,2/5/2022,120395,130000,0.1,13759,4,Gold Health
GE-1704,Female,HR,Manager,Poland,6/25/2016,239106,240000,0.2,54652,4,Opt-Out
GE-1705,Female,Finance,Manager,UK,2/20/2022,210551,240000,0.2,48125,4,Opt-Out
GE-1706,Female,Operations,Professional,Poland,8/16/2014,113292,130000,0.1,9710,3,Opt-Out
GE-1707,Female,IT,Professional,France,6/10/2023,144888,130000,0.1,8279,2,Standard
GE-1708,Female,IT,Director,France,6/20/2023,273627,340000,0.3,93814,4,Opt-Out
GE-1709,Male,Finance,Professional,UK,2/21/2020,101124,130000,0.1,11557,4,Gold Health
GE-1710,Female,Engineering,Professional,Spain,9/26/2023,137073,130000,0.1,11749,3,Standard
GE-1711,Male,IT,Professional,France,2/12/2016,104294,130000,0.1,14899,5,Opt-Out
GE-1712,Male,Finance,Manager,France,1/22/2018,230405,240000,0.2,52664,4,Gold Health
GE-1713,Male,Marketing,Senior,Spain,9/13/2020,168750,175000,0.15,21696,3,Silver Health
GE-1714,Male,HR,Professional,Poland,2/12/2023,115186,130000,0.1,9873,3,Standard
GE-1715,Female,Engineering,Professional,UK,6/1/2022,118950,130000,0.1,10195,3,Standard
GE-1716,Male,Marketing,Professional,Poland,12/7/2015,118696,130000,0.1,13565,4,Opt-Out
GE-1717,Female,HR,Manager,France,10/9/2017,292131,240000,0.2,50079,3,Silver Health
GE-1718,Female,Operations,Entry,Poland,12/20/2023,102178,95000,0.05,5838,4,Silver Health
GE-1719,Male,Engineering,Professional,Poland,4/15/2016,160584,130000,0.1,18352,4,Standard
GE-1720,Male,HR,Professional,France,2/6/2016,109379,130000,0.1,9375,3,Standard
GE-1721,Male,IT,Professional,Poland,1/11/2015,129186,130000,0.1,14764,4,Silver Health
GE-1722,Female,Engineering,Entry,UK,2/15/2023,81199,95000,0.05,2319,2,Opt-Out
GE-1723,Female,Sales,Professional,Spain,2/19/2022,141354,130000,0.1,8077,2,Standard
GE-1724,Female,Marketing,Senior,Germany,9/15/2017,183620,175000,0.15,31477,4,Silver Health
GE-1725,Male,Finance,Manager,UK,5/20/2018,242253,240000,0.2,55372,4,Opt-Out
GE-1726,Male,Sales,Entry,Germany,11/12/2014,103400,95000,0.05,1477,1,Standard
GE-1727,Female,Operations,Professional,Germany,7/24/2017,141894,130000,0.1,16216,4,Standard
GE-1728,Male,Finance,Professional,Germany,11/2/2019,137649,130000,0.1,11798,3,Opt-Out
GE-1729,Female,HR,Professional,France,12/15/2017,110930,130000,0.1,6338,2,Standard
GE-1730,Female,Finance,Professional,France,11/22/2016,129927,130000,0.1,11136,3,Gold Health
GE-1731,Male,Operations,Director,Poland,5/8/2016,375700,340000,0.3,96608,3,Opt-Out
GE-1732,Female,Sales,Professional,France,6/5/2018,124411,130000,0.1,7109,2,Standard
GE-1733,Female,Finance,Professional,France,4/14/2014,104389,130000,0.1,11930,4,Opt-Out
GE-1734,Female,Engineering,Professional,UK,8/30/2019,130456,130000,0.1,11181,3,Silver Health
GE-1735,Male,Sales,Entry,UK,9/26/2020,97113,95000,0.05,4161,3,Silver Health
GE-1736,Female,HR,Professional,UK,2/24/2019,135282,130000,0.1,11595,3,Gold Health
GE-1737,Male,IT,Manager,Poland,5/1/2014,258890,240000,0.2,44381,3,Gold Health
GE-1738,Male,IT,Entry,Spain,9/12/2019,105969,95000,0.05,4541,3,Gold Health
GE-1739,Female,HR,Senior,Germany,6/6/2016,142006,175000,0.15,18257,3,Standard
GE-1740,Female,HR,Professional,UK,1/30/2016,133340,130000,0.1,11429,3,Standard
GE-1741,Male,IT,Professional,UK,7/24/2023,135728,130000,0.1,7755,2,Gold Health
GE-1742,Female,Engineering,Senior,Spain,7/13/2019,140954,175000,0.15,24163,4,Gold Health
GE-1743,Male,Operations,Professional,Poland,12/30/2015,114219,130000,0.1,9790,3,Standard
GE-1744,Female,IT,Professional,Spain,1/14/2022,139995,130000,0.1,11999,3,Opt-Out
GE-1745,Female,Engineering,Professional,France,6/11/2021,134041,130000,0.1,19148,5,Opt-Out
GE-1746,Male,HR,Entry,Spain,5/9/2015,95522,95000,0.05,5458,4,Gold Health
GE-1747,Female,Sales,Entry,Germany,11/16/2023,95520,95000,0.05,1364,1,Silver Health
GE-1748,Female,Engineering,Professional,Spain,9/11/2016,142371,130000,0.1,16270,4,Silver Health
GE-1749,Female,Marketing,Director,Spain,10/11/2017,291666,340000,0.3,124999,5,Opt-Out
GE-1750,Male,Finance,Senior,France,10/14/2022,208618,175000,0.15,35763,4,Opt-Out
GE-1751,Male,Sales,Entry,UK,2/15/2022,98633,95000,0.05,4227,3,Gold Health
GE-1752,Male,Engineering,Senior,Spain,5/9/2023,146188,175000,0.15,6265,1,Gold Health
GE-1753,Male,Sales,Senior,Poland,2/10/2018,205365,175000,0.15,35205,4,Standard
GE-1754,Female,Engineering,Professional,Poland,5/19/2016,138381,130000,0.1,19768,5,Silver Health
GE-1755,Male,Sales,Entry,Poland,6/22/2021,109621,95000,0.05,7830,5,Silver Health
GE-1756,Female,Sales,Entry,France,10/2/2020,97975,95000,0.05,4198,3,Opt-Out
GE-1757,Female,Marketing,Senior,Poland,7/17/2019,181565,175000,0.15,15562,2,Gold Health
GE-1758,Female,Operations,Professional,Poland,11/20/2022,112264,130000,0.1,16037,5,Opt-Out
GE-1759,Female,Sales,Manager,Spain,1/13/2020,205971,240000,0.2,35309,3,Standard
GE-1760,Female,Marketing,Entry,Spain,9/24/2020,99200,95000,0.05,4251,3,Gold Health
GE-1761,Male,HR,Professional,Germany,7/7/2020,109792,130000,0.1,12547,4,Standard
GE-1762,Male,IT,Director,Poland,8/14/2014,314877,340000,0.3,80968,3,Silver Health
GE-1763,Male,Operations,Manager,Germany,2/24/2019,226146,240000,0.2,38767,3,Standard
GE-1764,Female,IT,Entry,Spain,8/13/2017,102256,95000,0.05,1460,1,Standard
GE-1765,Female,IT,Senior,Spain,12/11/2021,147311,175000,0.15,18939,3,Silver Health
GE-1766,Male,Operations,Senior,UK,5/3/2019,136374,175000,0.15,17533,3,Gold Health
GE-1767,Male,Sales,Professional,UK,5/20/2017,123496,130000,0.1,10585,3,Standard
GE-1768,Male,HR,Director,UK,7/28/2023,266215,340000,0.3,68455,3,Silver Health
GE-1769,Male,Sales,Entry,Spain,1/17/2022,79193,95000,0.05,1131,1,Opt-Out
GE-1770,Female,Operations,Professional,Poland,4/9/2021,157457,130000,0.1,13496,3,Gold Health
GE-1771,Male,HR,Senior,France,11/17/2014,164511,175000,0.15,28201,4,Silver Health
GE-1772,Male,Marketing,Entry,Spain,10/4/2023,109843,95000,0.05,4707,3,Opt-Out
GE-1773,Female,IT,Professional,France,9/29/2022,108160,130000,0.1,9270,3,Gold Health
GE-1774,Female,Marketing,Professional,UK,9/21/2015,137913,130000,0.1,15761,4,Gold Health
GE-1775,Female,Sales,Entry,UK,3/3/2021,91030,95000,0.05,5201,4,Opt-Out
GE-1776,Male,Engineering,Senior,Germany,11/5/2021,212306,175000,0.15,27296,3,Gold Health
GE-1777,Female,Operations,Manager,Germany,5/11/2022,284436,240000,0.2,48760,3,Silver Health
GE-1778,Female,IT,Director,France,9/21/2019,310013,340000,0.3,79717,3,Opt-Out
GE-1779,Male,Sales,Senior,UK,11/10/2023,145344,175000,0.15,18687,3,Gold Health
GE-1780,Male,Finance,Senior,Poland,1/19/2015,187914,175000,0.15,24160,3,Gold Health
GE-1781,Female,Engineering,Entry,UK,10/30/2023,102661,95000,0.05,2933,2,Standard
GE-1782,Female,Operations,Professional,France,12/8/2021,116485,130000,0.1,13312,4,Standard
GE-1783,Male,Operations,Entry,UK,3/29/2022,86663,95000,0.05,2476,2,Opt-Out
GE-1784,Male,IT,Entry,Germany,10/8/2016,101777,95000,0.05,5815,4,Silver Health
GE-1785,Female,Marketing,Senior,Poland,3/25/2019,160373,175000,0.15,20619,3,Standard
GE-1786,Female,Marketing,Professional,France,11/19/2017,115610,130000,0.1,13212,4,Silver Health
GE-1787,Female,HR,Entry,Germany,11/27/2014,100445,95000,0.05,1434,1,Gold Health
GE-1788,Female,Marketing,Professional,France,6/16/2020,151298,130000,0.1,17291,4,Silver Health
GE-1789,Male,Operations,Director,UK,7/1/2022,362690,340000,0.3,93263,3,Standard
GE-1790,Male,Engineering,Professional,UK,2/4/2023,142414,130000,0.1,12206,3,Standard
GE-1791,Female,IT,Professional,Germany,5/27/2022,143947,130000,0.1,20563,5,Opt-Out
GE-1792,Female,Finance,Professional,Germany,9/23/2014,143467,130000,0.1,16396,4,Standard
GE-1793,Female,HR,Senior,Poland,1/8/2020,146629,175000,0.15,25136,4,Standard
GE-1794,Female,Engineering,Senior,Spain,10/4/2020,179594,175000,0.15,38484,5,Standard
GE-1795,Female,Finance,Manager,Spain,10/7/2020,200697,240000,0.2,45873,4,Opt-Out
GE-1796,Male,Engineering,Professional,Germany,7/8/2018,121466,130000,0.1,10411,3,Opt-Out
GE-1797,Male,IT,Professional,UK,4/8/2022,115010,130000,0.1,3286,1,Opt-Out
GE-1798,Male,IT,Professional,Spain,6/19/2016,143595,130000,0.1,16410,4,Gold Health
GE-1799,Male,Marketing,Professional,Spain,5/26/2019,134440,130000,0.1,11523,3,Standard
GE-1800,Male,Finance,Entry,Poland,8/21/2022,102978,95000,0.05,4413,3,Opt-Out
GE-1801,Female,HR,Senior,UK,8/30/2019,141313,175000,0.15,18168,3,Opt-Out
GE-1802,Male,Engineering,Professional,France,4/23/2017,120797,130000,0.1,13805,4,Standard
GE-1803,Male,Engineering,Senior,Germany,3/12/2021,137149,175000,0.15,17633,3,Standard
GE-1804,Male,Engineering,Director,UK,3/27/2016,350072,340000,0.3,150030,5,Gold Health
GE-1805,Female,IT,Senior,Spain,10/4/2023,155471,175000,0.15,26652,4,Silver Health
GE-1806,Male,IT,Senior,France,2/23/2016,151192,175000,0.15,12959,2,Opt-Out
GE-1807,Female,HR,Professional,France,2/2/2017,145623,130000,0.1,12481,3,Standard
GE-1808,Male,IT,Professional,UK,1/13/2022,128365,130000,0.1,11002,3,Gold Health
GE-1809,Male,Engineering,Professional,Poland,9/12/2017,138728,130000,0.1,11890,3,Opt-Out
GE-1810,Female,HR,Senior,Poland,6/24/2016,145823,175000,0.15,24998,4,Silver Health
GE-1811,Male,Operations,Professional,Spain,4/28/2021,129019,130000,0.1,14745,4,Opt-Out
GE-1812,Female,Operations,Professional,France,9/23/2016,111690,130000,0.1,9573,3,Silver Health
GE-1813,Male,Engineering,Manager,Poland,4/1/2021,279292,240000,0.2,79797,5,Opt-Out
GE-1814,Male,Operations,Professional,Germany,10/19/2014,109599,130000,0.1,9394,3,Silver Health
GE-1815,Male,Marketing,Senior,France,3/12/2020,185940,175000,0.15,23906,3,Silver Health
GE-1816,Female,HR,Professional,Spain,3/15/2019,127384,130000,0.1,10918,3,Silver Health
GE-1817,Male,HR,Entry,Spain,12/9/2019,101478,95000,0.05,5798,4,Gold Health
GE-1818,Male,Marketing,Professional,UK,7/6/2014,132980,130000,0.1,7598,2,Opt-Out
GE-1819,Female,Marketing,Professional,Poland,6/26/2015,124709,130000,0.1,10689,3,Opt-Out
GE-1820,Female,HR,Professional,France,8/19/2015,122841,130000,0.1,14038,4,Standard
GE-1821,Female,Engineering,Professional,UK,10/8/2019,126278,130000,0.1,10823,3,Silver Health
GE-1822,Male,Operations,Professional,Spain,8/25/2018,109484,130000,0.1,9384,3,Opt-Out
GE-1823,Male,Engineering,Manager,France,12/6/2015,207509,240000,0.2,47430,4,Opt-Out
GE-1824,Female,Marketing,Entry,Poland,3/15/2019,104685,95000,0.05,4486,3,Standard
GE-1825,Female,IT,Professional,Germany,9/2/2017,146595,130000,0.1,16753,4,Opt-Out
GE-1826,Male,Finance,Senior,Spain,10/29/2022,155121,175000,0.15,26592,4,Gold Health
GE-1827,Male,Sales,Senior,Spain,5/19/2023,165375,175000,0.15,28350,4,Standard
GE-1828,Male,IT,Senior,France,4/2/2021,158883,175000,0.15,27237,4,Standard
GE-1829,Male,Sales,Director,UK,9/1/2023,297726,340000,0.3,76558,3,Silver Health
GE-1830,Male,Operations,Professional,Spain,8/24/2019,109283,130000,0.1,9367,3,Gold Health
GE-1831,Female,HR,Senior,Spain,3/30/2023,149442,175000,0.15,32023,5,Silver Health
GE-1832,Female,Operations,Entry,Poland,11/26/2015,94124,95000,0.05,4033,3,Opt-Out
GE-1833,Male,HR,Professional,UK,12/14/2019,110439,130000,0.1,12621,4,Opt-Out
GE-1834,Male,Operations,Professional,France,11/28/2022,126659,130000,0.1,10856,3,Silver Health
GE-1835,Female,Finance,Entry,France,4/5/2016,91418,95000,0.05,5223,4,Opt-Out
GE-1836,Female,Marketing,Professional,Germany,1/31/2018,152518,130000,0.1,13072,3,Gold Health
GE-1837,Male,Finance,Professional,Spain,1/13/2015,134844,130000,0.1,11558,3,Standard
GE-1838,Male,Engineering,Professional,UK,8/13/2014,135568,130000,0.1,3873,1,Silver Health
GE-1839,Male,Marketing,Professional,Poland,3/18/2021,129593,130000,0.1,11107,3,Opt-Out
GE-1840,Female,Finance,Professional,Poland,7/13/2017,136628,130000,0.1,11710,3,Standard
GE-1841,Male,Engineering,Entry,France,1/21/2014,94285,95000,0.05,4040,3,Silver Health
GE-1842,Female,HR,Entry,UK,1/17/2020,107895,95000,0.05,4624,3,Standard
GE-1843,Male,IT,Entry,Spain,6/2/2019,95150,95000,0.05,4077,3,Silver Health
GE-1844,Female,Sales,Senior,Spain,6/8/2021,143416,175000,0.15,18439,3,Silver Health
GE-1845,Female,IT,Entry,Poland,6/1/2018,80002,95000,0.05,4571,4,Standard
GE-1846,Female,Marketing,Entry,Poland,12/3/2018,103414,95000,0.05,5909,4,Standard
GE-1847,Male,Marketing,Senior,France,5/26/2015,175697,175000,0.15,22589,3,Gold Health
GE-1848,Female,IT,Senior,Germany,11/9/2022,167855,175000,0.15,14387,2,Standard
GE-1849,Female,Finance,Professional,France,1/17/2020,120333,130000,0.1,10314,3,Standard
GE-1850,Male,Engineering,Professional,France,4/8/2016,133480,130000,0.1,15254,4,Silver Health
GE-1851,Female,IT,Professional,France,11/22/2022,132979,130000,0.1,11398,3,Opt-Out
GE-1852,Male,HR,Senior,France,12/14/2014,189119,175000,0.15,32420,4,Silver Health
GE-1853,Male,Marketing,Manager,UK,3/27/2022,285963,240000,0.2,81703,5,Opt-Out
GE-1854,Male,Operations,Director,UK,10/30/2021,310348,340000,0.3,106405,4,Standard
GE-1855,Female,Marketing,Director,Poland,1/30/2022,353486,340000,0.3,151494,5,Opt-Out
GE-1856,Male,Finance,Senior,UK,9/3/2023,153438,175000,0.15,26303,4,Gold Health
GE-1857,Female,Marketing,Entry,Germany,10/6/2018,90707,95000,0.05,5183,4,Silver Health
GE-1858,Male,Finance,Senior,UK,12/8/2019,198817,175000,0.15,34082,4,Gold Health
GE-1859,Male,Engineering,Entry,Poland,3/9/2014,85333,95000,0.05,6095,5,Opt-Out
GE-1860,Male,Sales,Professional,France,4/4/2020,119439,130000,0.1,10237,3,Gold Health
GE-1861,Female,Finance,Professional,Germany,4/17/2019,134958,130000,0.1,11567,3,Silver Health
GE-1862,Female,HR,Entry,UK,2/14/2018,78876,95000,0.05,3380,3,Standard
GE-1863,Female,IT,Senior,Spain,11/27/2017,193139,175000,0.15,33109,4,Gold Health
GE-1864,Female,HR,Senior,France,10/28/2019,172703,175000,0.15,22204,3,Silver Health
GE-1865,Male,HR,Professional,Spain,9/23/2015,120298,130000,0.1,10311,3,Opt-Out
GE-1866,Female,Operations,Professional,Poland,3/4/2014,108938,130000,0.1,15562,5,Standard
GE-1867,Male,Engineering,Senior,Spain,5/11/2016,190829,175000,0.15,32713,4,Gold Health
GE-1868,Female,Finance,Senior,Germany,2/2/2014,182038,175000,0.15,31206,4,Silver Health
GE-1869,Male,IT,Entry,France,10/23/2021,93830,95000,0.05,4021,3,Standard
GE-1870,Male,IT,Entry,Spain,5/7/2019,100359,95000,0.05,5734,4,Standard
GE-1871,Female,Operations,Professional,Spain,3/2/2015,146867,130000,0.1,16784,4,Standard
GE-1872,Male,Engineering,Professional,UK,6/11/2018,119319,130000,0.1,13636,4,Opt-Out
GE-1873,Male,Finance,Professional,Spain,6/15/2016,112398,130000,0.1,9634,3,Silver Health
GE-1874,Male,HR,Manager,Poland,4/18/2018,197539,240000,0.2,33863,3,Opt-Out
GE-1875,Male,Operations,Professional,Spain,11/5/2017,127728,130000,0.1,10948,3,Silver Health
GE-1876,Female,Operations,Director,Spain,7/17/2020,352112,340000,0.3,90543,3,Gold Health
GE-1877,Male,Marketing,Entry,France,11/30/2016,100242,95000,0.05,5728,4,Silver Health
GE-1878,Female,IT,Senior,Germany,9/27/2016,185051,175000,0.15,23792,3,Gold Health
GE-1879,Female,Sales,Entry,Poland,8/12/2016,91715,95000,0.05,3930,3,Gold Health
GE-1880,Male,Engineering,Director,Poland,6/17/2016,348514,340000,0.3,89617,3,Opt-Out
GE-1881,Male,Finance,Professional,Spain,8/11/2016,115905,130000,0.1,9934,3,Gold Health
GE-1882,Male,IT,Manager,Germany,10/28/2019,228949,240000,0.2,39248,3,Standard
GE-1883,Female,Sales,Manager,UK,11/24/2021,234176,240000,0.2,53525,4,Silver Health
GE-1884,Female,Operations,Professional,Spain,3/2/2015,134023,130000,0.1,15316,4,Gold Health
GE-1885,Male,Engineering,Professional,Spain,3/8/2016,122454,130000,0.1,13994,4,Standard
GE-1886,Female,Sales,Manager,Germany,3/18/2020,237141,240000,0.2,40652,3,Gold Health
GE-1887,Male,Marketing,Senior,Spain,11/17/2021,156849,175000,0.15,20166,3,Gold Health
GE-1888,Female,Sales,Senior,Germany,3/6/2020,182745,175000,0.15,23495,3,Standard
GE-1889,Female,Sales,Director,Spain,8/29/2020,287863,340000,0.3,74021,3,Opt-Out
GE-1890,Female,Sales,Senior,Germany,3/14/2014,193200,175000,0.15,33120,4,Opt-Out
GE-1891,Male,Sales,Professional,France,4/8/2019,112340,130000,0.1,9629,3,Gold Health
GE-1892,Female,Engineering,Professional,UK,3/15/2022,116951,130000,0.1,16707,5,Opt-Out
GE-1893,Male,Operations,Senior,UK,8/23/2015,183746,175000,0.15,31499,4,Standard
GE-1894,Female,HR,Manager,Germany,8/7/2020,217759,240000,0.2,49773,4,Standard
GE-1895,Female,Operations,Entry,Germany,7/2/2022,99326,95000,0.05,1418,1,Gold Health
GE-1896,Female,IT,Professional,Poland,7/15/2014,116344,130000,0.1,13296,4,Gold Health
GE-1897,Male,IT,Professional,UK,5/30/2019,116304,130000,0.1,9968,3,Standard
GE-1898,Male,IT,Professional,UK,12/30/2020,118339,130000,0.1,3381,1,Silver Health
GE-1899,Male,Operations,Professional,Poland,8/17/2023,117604,130000,0.1,13440,4,Silver Health
GE-1900,Male,HR,Senior,Germany,8/11/2018,153108,175000,0.15,6561,1,Silver Health
GE-1901,Male,Finance,Entry,Germany,3/4/2019,97171,95000,0.05,6940,5,Silver Health
GE-1902,Female,HR,Senior,Poland,4/20/2015,179397,175000,0.15,7688,1,Gold Health
GE-1903,Male,Operations,Professional,Poland,12/10/2022,123622,130000,0.1,10596,3,Silver Health
GE-1904,Female,Engineering,Senior,Spain,8/15/2017,181705,175000,0.15,23362,3,Gold Health
GE-1905,Male,Engineering,Professional,UK,10/11/2015,145462,130000,0.1,20780,5,Opt-Out
GE-1906,Male,Finance,Manager,Germany,10/9/2017,211652,240000,0.2,48377,4,Silver Health
GE-1907,Female,HR,Director,Poland,5/5/2018,347120,340000,0.3,89259,3,Standard
GE-1908,Male,Operations,Professional,UK,5/21/2018,148155,130000,0.1,12699,3,Standard
GE-1909,Female,Marketing,Director,UK,8/16/2019,261369,340000,0.3,44806,2,Opt-Out
GE-1910,Male,Marketing,Professional,Poland,4/28/2021,127444,130000,0.1,7282,2,Gold Health
GE-1911,Male,Marketing,Professional,UK,2/9/2019,120447,130000,0.1,10324,3,Standard
GE-1912,Female,IT,Professional,France,12/10/2017,150668,130000,0.1,12914,3,Gold Health
GE-1913,Male,Engineering,Manager,Germany,1/14/2014,215419,240000,0.2,36928,3,Gold Health
GE-1914,Male,IT,Senior,France,3/15/2015,158094,175000,0.15,20326,3,Silver Health
GE-1915,Male,Sales,Professional,France,5/31/2018,127433,130000,0.1,10922,3,Opt-Out
GE-1916,Male,Sales,Director,Poland,3/29/2021,362433,340000,0.3,93197,3,Silver Health
GE-1917,Female,Finance,Professional,France,1/12/2016,109745,130000,0.1,9406,3,Silver Health
GE-1918,Female,Engineering,Director,UK,9/16/2016,355602,340000,0.3,121920,4,Gold Health
GE-1919,Female,Operations,Senior,France,11/19/2014,187192,175000,0.15,32090,4,Opt-Out
GE-1920,Male,Engineering,Director,UK,11/2/2021,335719,340000,0.3,86327,3,Opt-Out
GE-1921,Female,HR,Professional,France,12/25/2020,118534,130000,0.1,10160,3,Opt-Out
GE-1922,Male,Sales,Manager,Poland,8/11/2019,198202,240000,0.2,22651,2,Opt-Out
GE-1923,Male,IT,Senior,Germany,10/18/2022,202200,175000,0.15,25997,3,Gold Health
GE-1924,Male,Operations,Professional,Poland,5/25/2022,141199,130000,0.1,16137,4,Silver Health
GE-1925,Male,Marketing,Manager,France,10/31/2019,212003,240000,0.2,24228,2,Standard
GE-1926,Female,Sales,Senior,France,6/8/2022,170187,175000,0.15,21881,3,Gold Health
GE-1927,Female,HR,Entry,France,11/14/2022,94612,95000,0.05,4054,3,Standard
GE-1928,Female,Marketing,Senior,Poland,1/11/2014,169007,175000,0.15,36215,5,Silver Health
GE-1929,Female,HR,Professional,Germany,9/20/2015,146895,130000,0.1,20985,5,Gold Health
GE-1930,Female,Operations,Professional,Spain,11/16/2022,131933,130000,0.1,11308,3,Standard
GE-1931,Male,Finance,Professional,Germany,1/9/2023,120183,130000,0.1,10301,3,Standard
GE-1932,Female,Marketing,Professional,France,6/28/2017,130857,130000,0.1,11216,3,Opt-Out
GE-1933,Female,Marketing,Manager,Poland,3/19/2018,259490,240000,0.2,59312,4,Gold Health
GE-1934,Male,Operations,Senior,France,2/6/2014,179779,175000,0.15,23114,3,Standard
GE-1935,Male,Finance,Senior,Spain,3/22/2020,168859,175000,0.15,28947,4,Silver Health
GE-1936,Female,IT,Senior,Spain,6/1/2021,151837,175000,0.15,19521,3,Gold Health
GE-1937,Female,Finance,Professional,Spain,9/6/2021,126803,130000,0.1,10868,3,Silver Health
GE-1938,Female,HR,Senior,Spain,5/2/2021,171987,175000,0.15,14741,2,Silver Health
GE-1939,Male,Marketing,Professional,France,4/21/2023,127461,130000,0.1,14566,4,Silver Health
GE-1940,Female,HR,Professional,France,8/30/2022,126142,130000,0.1,14416,4,Gold Health
GE-1941,Female,Engineering,Manager,France,10/31/2014,233470,240000,0.2,40023,3,Standard
GE-1942,Female,Finance,Professional,UK,11/23/2022,132168,130000,0.1,11328,3,Gold Health
GE-1943,Female,Sales,Professional,Spain,10/22/2019,122574,130000,0.1,3502,1,Opt-Out
GE-1944,Male,Sales,Manager,Germany,10/27/2018,208595,240000,0.2,59598,5,Opt-Out
GE-1945,Female,IT,Entry,Spain,5/12/2020,101439,95000,0.05,5796,4,Standard
GE-1946,Female,Marketing,Manager,France,4/14/2016,220446,240000,0.2,50387,4,Silver Health
GE-1947,Female,Engineering,Entry,Poland,8/19/2022,84592,95000,0.05,2416,2,Opt-Out
GE-1948,Male,HR,Entry,France,2/24/2015,100329,95000,0.05,5733,4,Gold Health
GE-1949,Male,Engineering,Entry,Spain,4/10/2014,109949,95000,0.05,4712,3,Opt-Out
GE-1950,Male,IT,Senior,Germany,6/2/2015,148103,175000,0.15,25389,4,Opt-Out
GE-1951,Female,Sales,Professional,Spain,11/12/2022,133659,130000,0.1,11456,3,Silver Health
GE-1952,Female,IT,Manager,Poland,8/27/2016,297216,240000,0.2,50951,3,Standard
GE-1953,Male,Operations,Professional,Germany,6/25/2015,142778,130000,0.1,12238,3,Silver Health
GE-1954,Male,Marketing,Professional,UK,11/18/2015,130993,130000,0.1,14970,4,Standard
GE-1955,Male,Marketing,Manager,Spain,11/25/2019,267346,240000,0.2,45830,3,Silver Health
GE-1956,Male,Operations,Senior,France,10/20/2016,174139,175000,0.15,14926,2,Silver Health
GE-1957,Male,IT,Senior,France,5/7/2022,152064,175000,0.15,19551,3,Gold Health
GE-1958,Male,Operations,Senior,Poland,6/21/2022,157894,175000,0.15,20300,3,Gold Health
GE-1959,Male,IT,Professional,Germany,5/1/2021,120150,130000,0.1,13731,4,Opt-Out
GE-1960,Male,Sales,Manager,Spain,8/25/2022,241499,240000,0.2,27599,2,Gold Health
GE-1961,Male,Marketing,Director,Spain,10/15/2017,386788,340000,0.3,99459,3,Opt-Out
GE-1962,Male,IT,Entry,France,5/30/2019,101792,95000,0.05,4362,3,Gold Health
GE-1963,Female,Engineering,Manager,France,11/19/2023,272448,240000,0.2,77842,5,Standard
GE-1964,Female,Sales,Professional,Spain,5/21/2014,136601,130000,0.1,11708,3,Gold Health
GE-1965,Male,Finance,Senior,France,2/21/2014,203339,175000,0.15,26143,3,Opt-Out
GE-1966,Male,Marketing,Professional,France,5/24/2016,129497,130000,0.1,11099,3,Opt-Out
GE-1967,Female,Engineering,Professional,UK,7/12/2021,155696,130000,0.1,22242,5,Opt-Out
GE-1968,Female,Finance,Manager,UK,8/29/2014,240214,240000,0.2,41179,3,Opt-Out
GE-1969,Male,Engineering,Manager,Poland,6/30/2022,225601,240000,0.2,51565,4,Silver Health
GE-1970,Male,Sales,Senior,Spain,5/16/2019,194374,175000,0.15,41651,5,Silver Health
GE-1971,Female,Sales,Manager,Spain,5/10/2016,257044,240000,0.2,58752,4,Silver Health
GE-1972,Female,Marketing,Professional,UK,11/12/2014,126786,130000,0.1,10867,3,Silver Health
GE-1973,Female,Engineering,Professional,Spain,6/20/2017,110563,130000,0.1,9476,3,Silver Health
GE-1974,Female,HR,Professional,Spain,1/20/2020,119655,130000,0.1,13674,4,Gold Health
GE-1975,Female,Sales,Professional,Poland,1/31/2023,139571,130000,0.1,11963,3,Silver Health
GE-1976,Male,Engineering,Professional,Spain,1/28/2022,115380,130000,0.1,9889,3,Standard
GE-1977,Male,IT,Senior,Germany,2/14/2018,177190,175000,0.15,30375,4,Silver Health
GE-1978,Female,Sales,Professional,France,7/24/2016,113538,130000,0.1,3243,1,Opt-Out
GE-1979,Male,Marketing,Professional,France,3/29/2014,110311,130000,0.1,12606,4,Gold Health
GE-1980,Male,IT,Professional,Germany,3/3/2022,138085,130000,0.1,11835,3,Silver Health
GE-1981,Male,Engineering,Entry,UK,1/31/2016,82901,95000,0.05,3552,3,Silver Health
GE-1982,Male,HR,Professional,Germany,8/11/2014,131439,130000,0.1,7510,2,Gold Health
GE-1983,Male,Finance,Entry,Spain,2/5/2016,105543,95000,0.05,4523,3,Gold Health
GE-1984,Male,HR,Professional,Germany,6/22/2017,141014,130000,0.1,16115,4,Gold Health
GE-1985,Male,Engineering,Senior,Germany,1/19/2023,219223,175000,0.15,28185,3,Standard
GE-1986,Male,Engineering,Professional,Spain,4/10/2015,106219,130000,0.1,9104,3,Standard
GE-1987,Female,Sales,Senior,Poland,11/11/2021,177628,175000,0.15,22837,3,Gold Health
GE-1988,Male,IT,Director,Germany,1/28/2020,301509,340000,0.3,77530,3,Gold Health
GE-1989,Male,HR,Professional,UK,5/26/2017,112920,130000,0.1,16131,5,Silver Health
GE-1990,Male,Engineering,Entry,Spain,12/6/2020,82236,95000,0.05,3524,3,Silver Health
GE-1991,Female,Sales,Professional,Spain,12/25/2016,161764,130000,0.1,13865,3,Opt-Out
GE-1992,Female,Operations,Professional,Germany,11/5/2020,148120,130000,0.1,12696,3,Silver Health
GE-1993,Female,Sales,Professional,Germany,9/1/2023,125518,130000,0.1,10758,3,Standard
GE-1994,Female,Operations,Professional,France,6/23/2014,129247,130000,0.1,11078,3,Silver Health
GE-1995,Female,Finance,Entry,Spain,7/17/2017,92071,95000,0.05,5261,4,Gold Health
GE-1996,Female,Finance,Entry,Germany,9/5/2021,87344,95000,0.05,3743,3,Silver Health
GE-1997,Male,Marketing,Professional,Spain,1/14/2015,150210,130000,0.1,17166,4,Opt-Out
GE-1998,Female,HR,Entry,Spain,11/13/2021,97317,95000,0.05,4170,3,Standard
GE-1999,Female,Sales,Senior,Poland,4/3/2019,170401,175000,0.15,21908,3,Standard
GE-2000,Female,HR,Professional,Germany,12/19/2016,115601,130000,0.1,13211,4,Opt-Out
GE-2001,Female,IT,Entry,Poland,11/5/2016,89696,95000,0.05,2562,2,Gold Health
GE-2002,Male,Sales,Manager,France,9/12/2019,189568,240000,0.2,32497,3,Standard
GE-2003,Male,IT,Senior,Spain,3/30/2017,211532,175000,0.15,36262,4,Gold Health
GE-2004,Male,Finance,Professional,France,6/18/2018,114071,130000,0.1,9777,3,Standard
GE-2005,Female,Operations,Senior,Germany,5/1/2023,149802,175000,0.15,19260,3,Silver Health
GE-2006,Male,Marketing,Senior,UK,7/22/2023,184990,175000,0.15,31712,4,Opt-Out
GE-2007,Female,Operations,Professional,France,3/21/2023,135452,130000,0.1,15480,4,Opt-Out
GE-2008,Male,Marketing,Senior,UK,3/31/2023,182825,175000,0.15,31341,4,Gold Health
GE-2009,Female,HR,Manager,UK,7/10/2017,271484,240000,0.2,77566,5,Silver Health
GE-2010,Female,Sales,Manager,UK,8/10/2014,220958,240000,0.2,37878,3,Opt-Out
GE-2011,Male,Engineering,Entry,France,8/6/2022,115609,95000,0.05,4954,3,Silver Health
GE-2012,Male,HR,Professional,UK,8/22/2019,124754,130000,0.1,10693,3,Silver Health
GE-2013,Female,Finance,Manager,France,5/31/2022,245431,240000,0.2,42073,3,Gold Health
GE-2014,Female,HR,Senior,Germany,5/25/2023,158904,175000,0.15,13620,2,Silver Health
GE-2015,Male,Finance,Entry,Spain,2/13/2016,97646,95000,0.05,4184,3,Gold Health
GE-2016,Female,IT,Professional,Spain,5/21/2019,140228,130000,0.1,12019,3,Gold Health
GE-2017,Male,HR,Manager,Germany,1/22/2015,230277,240000,0.2,26317,2,Opt-Out
GE-2018,Male,HR,Professional,Germany,3/2/2022,119578,130000,0.1,13666,4,Opt-Out
GE-2019,Male,IT,Senior,Poland,9/12/2021,191160,175000,0.15,32770,4,Gold Health
GE-2020,Female,Marketing,Entry,UK,6/18/2019,87707,95000,0.05,5011,4,Gold Health
GE-2021,Female,HR,Professional,France,1/3/2014,126801,130000,0.1,18114,5,Gold Health
GE-2022,Female,Engineering,Senior,Spain,5/31/2020,172792,175000,0.15,29621,4,Gold Health
GE-2023,Male,Finance,Manager,UK,7/25/2017,236626,240000,0.2,40564,3,Standard
GE-2024,Male,Finance,Professional,France,7/27/2020,131685,130000,0.1,11287,3,Opt-Out
GE-2025,Male,Engineering,Director,UK,6/3/2019,330264,340000,0.3,56616,2,Opt-Out
GE-2026,Female,Sales,Professional,Germany,7/28/2023,137119,130000,0.1,11753,3,Opt-Out
GE-2027,Male,Finance,Professional,France,9/23/2022,126552,130000,0.1,10847,3,Opt-Out
GE-2028,Male,Marketing,Professional,Poland,9/4/2019,129625,130000,0.1,11110,3,Silver Health
GE-2029,Male,Operations,Director,France,6/14/2023,264808,340000,0.3,90791,4,Gold Health
GE-2030,Female,Finance,Senior,Spain,8/3/2019,169630,175000,0.15,29079,4,Standard
GE-2031,Male,HR,Professional,Poland,5/3/2017,113113,130000,0.1,16159,5,Silver Health
GE-2032,Male,HR,Professional,Germany,4/27/2014,115227,130000,0.1,9876,3,Gold Health
GE-2033,Female,Sales,Professional,UK,7/7/2021,108932,130000,0.1,15561,5,Silver Health
GE-2034,Female,HR,Manager,France,10/29/2014,208153,240000,0.2,59472,5,Gold Health
GE-2035,Male,Sales,Manager,UK,4/7/2020,278705,240000,0.2,79630,5,Standard
GE-2036,Female,IT,Professional,UK,10/26/2023,155444,130000,0.1,8882,2,Silver Health
GE-2037,Male,IT,Director,France,10/26/2018,283107,340000,0.3,97065,4,Silver Health
GE-2038,Female,IT,Senior,Spain,9/12/2020,194092,175000,0.15,33272,4,Gold Health
GE-2039,Female,Engineering,Senior,France,7/27/2022,145739,175000,0.15,18737,3,Gold Health
GE-2040,Male,Engineering,Professional,Germany,10/9/2022,128026,130000,0.1,14631,4,Gold Health
GE-2041,Male,Marketing,Professional,Germany,6/13/2021,121868,130000,0.1,10445,3,Opt-Out
GE-2042,Male,Sales,Professional,Germany,7/7/2022,131445,130000,0.1,7511,2,Opt-Out
GE-2043,Male,HR,Senior,France,7/5/2023,173529,175000,0.15,22310,3,Standard
GE-2044,Male,Engineering,Professional,Poland,10/17/2019,132801,130000,0.1,7588,2,Opt-Out
GE-2045,Male,Sales,Manager,Poland,10/2/2017,248923,240000,0.2,56896,4,Gold Health
GE-2046,Female,Operations,Director,Germany,11/28/2021,328956,340000,0.3,140981,5,Gold Health
GE-2047,Male,Sales,Entry,Poland,7/23/2016,109335,95000,0.05,4685,3,Standard
GE-2048,Male,Finance,Professional,UK,5/28/2015,110177,130000,0.1,9443,3,Standard
GE-2049,Male,IT,Senior,UK,7/13/2014,212839,175000,0.15,36486,4,Gold Health
GE-2050,Male,Operations,Professional,Poland,5/6/2016,113430,130000,0.1,16204,5,Silver Health
GE-2051,Female,Marketing,Professional,France,2/17/2017,112407,130000,0.1,9634,3,Opt-Out
GE-2052,Male,HR,Manager,Poland,1/20/2018,224773,240000,0.2,25688,2,Silver Health
GE-2053,Male,Sales,Senior,Poland,9/11/2015,212649,175000,0.15,9113,1,Gold Health
GE-2054,Female,Finance,Senior,Germany,1/25/2021,176369,175000,0.15,22676,3,Silver Health
GE-2055,Male,Engineering,Professional,Spain,5/26/2022,153125,130000,0.1,13125,3,Gold Health
GE-2056,Male,Engineering,Senior,Germany,8/1/2021,187850,175000,0.15,16101,2,Gold Health
GE-2057,Female,Sales,Senior,UK,3/31/2016,162885,175000,0.15,20942,3,Standard
GE-2058,Male,Sales,Professional,Poland,4/20/2017,124404,130000,0.1,10663,3,Opt-Out
GE-2059,Male,Marketing,Professional,UK,10/2/2022,107930,130000,0.1,9251,3,Standard
GE-2060,Male,Marketing,Senior,Spain,7/5/2022,179397,175000,0.15,30753,4,Silver Health
GE-2061,Male,IT,Professional,Germany,7/15/2018,100984,130000,0.1,8655,3,Opt-Out
GE-2062,Male,Operations,Professional,Spain,11/5/2015,121837,130000,0.1,10443,3,Silver Health
GE-2063,Female,HR,Entry,Spain,7/7/2017,104962,95000,0.05,4498,3,Silver Health
GE-2064,Male,HR,Professional,Germany,3/17/2022,101867,130000,0.1,8731,3,Silver Health
GE-2065,Female,IT,Professional,Poland,2/25/2015,134687,130000,0.1,11544,3,Gold Health
GE-2066,Male,IT,Entry,Poland,3/27/2018,94051,95000,0.05,1343,1,Standard
GE-2067,Male,HR,Entry,Germany,12/4/2018,77051,95000,0.05,3302,3,Opt-Out
GE-2068,Male,Engineering,Director,Poland,6/6/2018,348338,340000,0.3,89572,3,Silver Health
GE-2069,Male,IT,Manager,Germany,2/17/2019,273918,240000,0.2,46957,3,Gold Health
GE-2070,Female,Operations,Manager,France,10/24/2014,242643,240000,0.2,41595,3,Standard
GE-2071,Female,IT,Manager,UK,10/17/2022,229931,240000,0.2,39416,3,Standard
GE-2072,Female,Marketing,Professional,France,11/23/2022,126822,130000,0.1,10870,3,Silver Health
GE-2073,Female,Sales,Senior,Germany,10/8/2016,164850,175000,0.15,21195,3,Standard
GE-2074,Female,Sales,Entry,France,1/3/2018,91117,95000,0.05,3905,3,Silver Health
GE-2075,Male,Finance,Professional,Spain,7/11/2017,139505,130000,0.1,19929,5,Gold Health
GE-2076,Female,HR,Professional,France,11/6/2014,153484,130000,0.1,8770,2,Opt-Out
GE-2077,Male,Finance,Entry,Germany,5/31/2017,110755,95000,0.05,3164,2,Gold Health
GE-2078,Female,Engineering,Director,Spain,10/30/2018,291310,340000,0.3,74908,3,Opt-Out
GE-2079,Male,Sales,Professional,France,11/22/2023,113469,130000,0.1,12967,4,Gold Health
GE-2080,Female,HR,Professional,Germany,12/30/2022,115458,130000,0.1,16494,5,Standard
GE-2081,Male,IT,Senior,Spain,7/12/2017,160888,175000,0.15,13790,2,Gold Health
GE-2082,Male,Marketing,Manager,Spain,1/26/2020,191554,240000,0.2,32837,3,Silver Health
GE-2083,Female,Finance,Manager,Spain,2/10/2022,265752,240000,0.2,45557,3,Standard
GE-2084,Female,Finance,Professional,Spain,5/23/2014,111770,130000,0.1,15967,5,Silver Health
GE-2085,Male,Operations,Manager,Spain,5/30/2021,229008,240000,0.2,39258,3,Silver Health
GE-2086,Male,Finance,Manager,Spain,10/10/2014,238256,240000,0.2,40843,3,Opt-Out
GE-2087,Female,Finance,Director,Poland,11/14/2020,286491,340000,0.3,73669,3,Silver Health
GE-2088,Male,Finance,Entry,Poland,11/20/2015,94366,95000,0.05,4044,3,Silver Health
GE-2089,Female,Finance,Professional,Poland,2/15/2023,111131,130000,0.1,9525,3,Gold Health
GE-2090,Male,Operations,Senior,France,7/14/2020,157119,175000,0.15,20201,3,Standard
GE-2091,Female,Finance,Professional,Spain,1/11/2019,125178,130000,0.1,7153,2,Silver Health
GE-2092,Female,Finance,Senior,France,1/3/2015,174359,175000,0.15,37362,5,Standard
GE-2093,Male,Finance,Senior,Germany,1/23/2022,171015,175000,0.15,21987,3,Standard
GE-2094,Male,Engineering,Manager,UK,9/7/2023,240388,240000,0.2,54945,4,Silver Health
GE-2095,Male,Marketing,Professional,France,6/23/2017,130600,130000,0.1,11194,3,Gold Health
GE-2096,Female,Marketing,Senior,Poland,12/19/2020,176717,175000,0.15,22720,3,Gold Health
GE-2097,Male,Marketing,Senior,Poland,7/8/2014,189195,175000,0.15,8108,1,Opt-Out
GE-2098,Male,HR,Senior,UK,7/30/2018,172420,175000,0.15,22168,3,Gold Health
GE-2099,Male,Finance,Senior,Poland,8/27/2021,198247,175000,0.15,42481,5,Opt-Out
GE-2100,Male,HR,Professional,Poland,4/8/2019,125647,130000,0.1,10769,3,Opt-Out
GE-2101,Female,Sales,Entry,France,9/24/2020,89260,95000,0.05,3825,3,Standard
GE-2102,Male,Operations,Professional,France,3/4/2023,138456,130000,0.1,15823,4,Opt-Out
GE-2103,Male,Operations,Senior,Spain,3/10/2018,158079,175000,0.15,20324,3,Gold Health
GE-2104,Female,IT,Entry,UK,4/1/2015,107900,95000,0.05,4624,3,Silver Health
GE-2105,Female,IT,Professional,Spain,8/22/2023,131527,130000,0.1,15031,4,Gold Health
GE-2106,Female,Sales,Senior,UK,11/22/2014,207032,175000,0.15,35491,4,Standard
GE-2107,Female,Finance,Senior,Germany,2/9/2014,147116,175000,0.15,18914,3,Opt-Out
GE-2108,Male,Operations,Professional,Spain,10/12/2018,109830,130000,0.1,9414,3,Silver Health
GE-2109,Female,Operations,Professional,Poland,8/15/2018,124425,130000,0.1,10665,3,Standard
GE-2110,Male,Operations,Professional,UK,1/14/2022,149901,130000,0.1,8565,2,Standard
GE-2111,Female,Operations,Senior,UK,7/26/2016,177556,175000,0.15,30438,4,Gold Health
GE-2112,Female,Operations,Professional,Spain,12/3/2023,144675,130000,0.1,16534,4,Silver Health
GE-2113,Female,Operations,Manager,France,4/14/2015,264264,240000,0.2,60403,4,Opt-Out
GE-2114,Male,IT,Senior,Germany,5/30/2018,210434,175000,0.15,27055,3,Opt-Out
GE-2115,Female,Sales,Senior,Poland,6/11/2019,174320,175000,0.15,22412,3,Gold Health
GE-2116,Female,Engineering,Entry,France,10/2/2016,86522,95000,0.05,3708,3,Opt-Out
GE-2117,Male,HR,Professional,France,5/17/2022,112643,130000,0.1,9655,3,Gold Health
GE-2118,Male,Engineering,Director,Spain,4/24/2021,359096,340000,0.3,92338,3,Opt-Out
GE-2119,Male,Engineering,Manager,Germany,5/2/2023,258141,240000,0.2,59003,4,Standard
GE-2120,Male,Engineering,Professional,France,5/8/2015,157622,130000,0.1,13510,3,Silver Health
GE-2121,Male,Sales,Professional,France,7/13/2018,118908,130000,0.1,10192,3,Standard
GE-2122,Female,HR,Manager,Germany,1/3/2021,243971,240000,0.2,69706,5,Opt-Out
GE-2123,Female,Finance,Manager,France,2/25/2023,270577,240000,0.2,46384,3,Gold Health
GE-2124,Female,Finance,Professional,France,7/8/2016,114095,130000,0.1,13039,4,Silver Health
GE-2125,Male,Sales,Senior,Poland,6/8/2022,162155,175000,0.15,27798,4,Opt-Out
GE-2126,Female,HR,Senior,Germany,12/13/2023,197309,175000,0.15,8456,1,Opt-Out
GE-2127,Male,IT,Professional,Poland,3/8/2017,129369,130000,0.1,7392,2,Standard
GE-2128,Female,Finance,Senior,Spain,3/28/2018,164250,175000,0.15,21117,3,Silver Health
GE-2129,Male,HR,Manager,UK,1/21/2016,281385,240000,0.2,48237,3,Silver Health
GE-2130,Male,Finance,Professional,Germany,6/11/2023,124370,130000,0.1,10660,3,Silver Health
GE-2131,Male,Sales,Senior,Poland,2/11/2023,184438,175000,0.15,15808,2,Silver Health
GE-2132,Male,Operations,Professional,UK,6/20/2022,114412,130000,0.1,6537,2,Standard
GE-2133,Male,Engineering,Professional,Spain,3/20/2014,155228,130000,0.1,17740,4,Silver Health
GE-2134,Male,Operations,Senior,Poland,12/20/2021,188455,175000,0.15,24229,3,Standard
GE-2135,Male,HR,Professional,Germany,3/13/2019,114118,130000,0.1,9781,3,Silver Health
GE-2136,Female,Engineering,Professional,Spain,3/8/2018,113238,130000,0.1,9706,3,Silver Health
GE-2137,Male,Finance,Professional,France,4/29/2020,141392,130000,0.1,12119,3,Gold Health
GE-2138,Male,Sales,Entry,Poland,1/30/2022,86095,95000,0.05,4919,4,Standard
GE-2139,Female,Operations,Professional,UK,9/18/2020,129285,130000,0.1,11081,3,Standard
GE-2140,Male,IT,Professional,France,6/12/2021,147639,130000,0.1,12654,3,Gold Health
GE-2141,Female,Engineering,Professional,France,4/7/2014,109948,130000,0.1,9424,3,Opt-Out
GE-2142,Female,IT,Professional,Spain,9/29/2019,134269,130000,0.1,11508,3,Opt-Out
GE-2143,Female,Sales,Professional,Poland,4/18/2016,146831,130000,0.1,12585,3,Opt-Out
GE-2144,Female,HR,Senior,Spain,11/17/2023,207759,175000,0.15,26711,3,Silver Health
GE-2145,Male,Marketing,Senior,Germany,3/10/2015,171820,175000,0.15,7363,1,Gold Health
GE-2146,Male,IT,Professional,Germany,8/30/2021,145643,130000,0.1,16644,4,Silver Health
GE-2147,Male,Marketing,Senior,Poland,8/22/2018,172040,175000,0.15,22119,3,Standard
GE-2148,Male,Sales,Senior,Poland,9/6/2017,187500,175000,0.15,24107,3,Standard
GE-2149,Female,IT,Manager,Germany,8/28/2018,241258,240000,0.2,41358,3,Standard
GE-2150,Male,Engineering,Director,Germany,3/25/2014,318724,340000,0.3,81957,3,Gold Health
GE-2151,Male,HR,Senior,Germany,8/18/2020,158444,175000,0.15,20371,3,Standard
GE-2152,Male,Finance,Professional,Spain,3/13/2023,115515,130000,0.1,3300,1,Opt-Out
GE-2153,Male,IT,Professional,Germany,1/5/2023,114338,130000,0.1,9800,3,Opt-Out
GE-2154,Male,Sales,Professional,Poland,6/5/2014,139810,130000,0.1,15978,4,Standard
GE-2155,Female,IT,Professional,Spain,8/17/2018,125162,130000,0.1,10728,3,Gold Health
GE-2156,Male,Marketing,Professional,Germany,6/19/2019,134371,130000,0.1,11517,3,Silver Health
GE-2157,Female,Engineering,Professional,Poland,4/12/2022,130617,130000,0.1,11195,3,Silver Health
GE-2158,Female,HR,Entry,Spain,12/24/2022,104603,95000,0.05,4482,3,Gold Health
GE-2159,Male,Finance,Professional,Spain,7/11/2015,137295,130000,0.1,15690,4,Silver Health
GE-2160,Male,Sales,Manager,Poland,8/24/2018,216499,240000,0.2,49485,4,Gold Health
GE-2161,Female,Sales,Entry,Germany,9/29/2019,92720,95000,0.05,2649,2,Opt-Out
GE-2162,Male,Sales,Entry,France,7/17/2017,116160,95000,0.05,6637,4,Gold Health
GE-2163,Male,Finance,Director,Germany,9/17/2015,292130,340000,0.3,75119,3,Opt-Out
GE-2164,Male,Finance,Professional,Spain,5/3/2014,150378,130000,0.1,8593,2,Standard
GE-2165,Male,Sales,Manager,France,11/9/2021,258369,240000,0.2,59055,4,Gold Health
GE-2166,Female,Operations,Entry,Germany,6/7/2020,109171,95000,0.05,4678,3,Opt-Out
GE-2167,Female,Operations,Professional,Poland,12/9/2023,146401,130000,0.1,8365,2,Gold Health
GE-2168,Male,Operations,Senior,UK,7/25/2016,170529,175000,0.15,21925,3,Standard
GE-2169,Female,Operations,Senior,Germany,3/24/2019,179092,175000,0.15,30701,4,Standard
GE-2170,Male,IT,Professional,Germany,11/20/2014,126526,130000,0.1,14460,4,Gold Health
GE-2171,Female,HR,Professional,France,1/1/2016,150861,130000,0.1,12930,3,Gold Health
GE-2172,Female,Engineering,Manager,UK,12/11/2023,230111,240000,0.2,39447,3,Opt-Out
GE-2173,Female,IT,Senior,UK,4/20/2017,170585,175000,0.15,36553,5,Opt-Out
GE-2174,Male,Finance,Director,Poland,11/14/2020,340389,340000,0.3,87528,3,Opt-Out
GE-2175,Male,Finance,Professional,France,6/3/2019,130573,130000,0.1,14922,4,Standard
GE-2176,Male,HR,Professional,Germany,5/12/2020,118258,130000,0.1,3378,1,Opt-Out
GE-2177,Male,Marketing,Professional,Germany,11/1/2015,140151,130000,0.1,16017,4,Opt-Out
GE-2178,Female,Sales,Manager,Poland,3/13/2015,224973,240000,0.2,12855,1,Silver Health
GE-2179,Male,Finance,Professional,UK,12/8/2015,143366,130000,0.1,20480,5,Opt-Out
GE-2180,Female,IT,Professional,UK,6/24/2023,121864,130000,0.1,6963,2,Opt-Out
GE-2181,Female,IT,Professional,France,7/16/2014,106178,130000,0.1,12134,4,Gold Health
GE-2182,Male,Finance,Entry,UK,6/3/2018,85113,95000,0.05,2431,2,Gold Health
GE-2183,Female,HR,Entry,France,3/3/2021,104615,95000,0.05,4483,3,Standard
GE-2184,Male,Engineering,Entry,Poland,1/29/2018,107401,95000,0.05,6137,4,Opt-Out
GE-2185,Male,Operations,Entry,Poland,1/18/2016,84742,95000,0.05,4842,4,Gold Health
GE-2186,Male,Finance,Senior,Poland,4/8/2017,214216,175000,0.15,27542,3,Silver Health
GE-2187,Female,Operations,Professional,Germany,2/22/2017,130410,130000,0.1,11178,3,Gold Health
GE-2188,Female,IT,Professional,Poland,12/6/2022,128868,130000,0.1,14727,4,Opt-Out
GE-2189,Male,HR,Senior,Germany,5/19/2018,161426,175000,0.15,27673,4,Gold Health
GE-2190,Female,Operations,Professional,Poland,5/30/2020,132070,130000,0.1,11320,3,Gold Health
GE-2191,Male,Marketing,Entry,UK,10/7/2018,97428,95000,0.05,5567,4,Gold Health
GE-2192,Female,Sales,Professional,Poland,7/25/2017,121907,130000,0.1,13932,4,Standard
GE-2193,Female,HR,Senior,Spain,9/27/2022,175359,175000,0.15,22546,3,Gold Health
GE-2194,Female,HR,Professional,UK,11/8/2021,130819,130000,0.1,14950,4,Gold Health
GE-2195,Female,Marketing,Professional,France,11/4/2014,120900,130000,0.1,10362,3,Gold Health
GE-2196,Male,Finance,Senior,France,11/15/2017,182213,175000,0.15,23427,3,Silver Health
GE-2197,Male,Engineering,Senior,Spain,11/25/2022,210189,175000,0.15,27024,3,Silver Health
GE-2198,Female,Operations,Professional,France,12/28/2017,117212,130000,0.1,16744,5,Standard
GE-2199,Female,IT,Senior,Spain,1/12/2018,147848,175000,0.15,19009,3,Standard
GE-2200,Male,Engineering,Professional,France,9/24/2023,157062,130000,0.1,4487,1,Opt-Out
GE-2201,Male,HR,Senior,Poland,1/8/2017,193430,175000,0.15,41449,5,Opt-Out
GE-2202,Female,IT,Entry,Poland,10/15/2022,95674,95000,0.05,5467,4,Gold Health
GE-2203,Male,Finance,Professional,Spain,9/25/2021,135650,130000,0.1,11627,3,Standard
GE-2204,Female,Marketing,Entry,Poland,2/24/2017,91927,95000,0.05,3939,3,Silver Health
GE-2205,Male,Finance,Entry,Spain,7/9/2020,98454,95000,0.05,4219,3,Gold Health
GE-2206,Female,Operations,Entry,France,8/20/2023,83325,95000,0.05,3571,3,Gold Health
GE-2207,Female,Operations,Professional,Spain,12/3/2016,154499,130000,0.1,13242,3,Opt-Out
GE-2208,Male,Operations,Professional,UK,8/29/2015,157997,130000,0.1,9028,2,Standard
GE-2209,Male,Engineering,Professional,UK,3/15/2018,107649,130000,0.1,9227,3,Silver Health
GE-2210,Female,Marketing,Professional,UK,1/20/2022,139611,130000,0.1,15955,4,Opt-Out
GE-2211,Female,Engineering,Professional,Poland,1/7/2017,118806,130000,0.1,10183,3,Standard
GE-2212,Male,Marketing,Senior,Germany,11/23/2022,174858,175000,0.15,29975,4,Standard
GE-2213,Female,Engineering,Director,Poland,11/28/2018,331638,340000,0.3,113704,4,Gold Health
GE-2214,Female,Marketing,Professional,France,10/25/2019,130808,130000,0.1,7474,2,Opt-Out
GE-2215,Female,Finance,Entry,Poland,3/12/2022,109070,95000,0.05,4674,3,Gold Health
GE-2216,Female,Sales,Senior,Germany,3/23/2021,177068,175000,0.15,22765,3,Standard
GE-2217,Male,Operations,Professional,Poland,9/13/2020,105768,130000,0.1,6043,2,Silver Health
GE-2218,Male,Engineering,Entry,France,4/5/2023,109682,95000,0.05,4700,3,Silver Health
GE-2219,Male,IT,Professional,France,2/1/2021,126307,130000,0.1,14435,4,Opt-Out
GE-2220,Male,Operations,Entry,Germany,8/1/2020,77747,95000,0.05,2221,2,Gold Health
GE-2221,Male,Engineering,Professional,Spain,4/16/2017,113712,130000,0.1,12995,4,Silver Health
GE-2222,Male,Operations,Senior,UK,10/12/2015,168942,175000,0.15,14480,2,Standard
GE-2223,Male,IT,Professional,Spain,7/22/2022,119456,130000,0.1,10239,3,Standard
GE-2224,Male,Sales,Manager,Germany,1/19/2022,220305,240000,0.2,12588,1,Standard
GE-2225,Male,Marketing,Entry,Germany,7/31/2015,102531,95000,0.05,4394,3,Silver Health
GE-2226,Male,HR,Senior,UK,7/24/2021,156946,175000,0.15,20178,3,Silver Health
GE-2227,Female,IT,Senior,Spain,8/31/2021,173870,175000,0.15,22354,3,Opt-Out
GE-2228,Female,IT,Professional,France,5/7/2017,159181,130000,0.1,18192,4,Opt-Out
GE-2229,Female,IT,Manager,Poland,3/10/2018,243555,240000,0.2,55669,4,Opt-Out
GE-2230,Male,Sales,Senior,Spain,2/20/2020,191230,175000,0.15,40977,5,Gold Health
GE-2231,Female,Sales,Entry,UK,11/15/2016,78428,95000,0.05,4481,4,Gold Health
GE-2232,Female,Operations,Manager,UK,10/6/2023,279128,240000,0.2,47850,3,Opt-Out
GE-2233,Male,Sales,Senior,France,11/17/2020,173723,175000,0.15,22335,3,Gold Health
GE-2234,Female,Finance,Professional,France,1/13/2014,133938,130000,0.1,11480,3,Gold Health
GE-2235,Male,HR,Entry,Germany,7/27/2021,80546,95000,0.05,3451,3,Standard
GE-2236,Male,Finance,Senior,UK,5/13/2022,150631,175000,0.15,19366,3,Silver Health
GE-2237,Female,Sales,Manager,Germany,5/13/2021,265773,240000,0.2,45561,3,Opt-Out
GE-2238,Female,Finance,Entry,Spain,9/1/2018,89966,95000,0.05,5140,4,Standard
GE-2239,Female,Marketing,Professional,Spain,6/8/2021,114532,130000,0.1,9817,3,Opt-Out
GE-2240,Male,HR,Senior,Germany,3/3/2023,166627,175000,0.15,14282,2,Silver Health
GE-2241,Female,IT,Professional,UK,7/31/2021,144240,130000,0.1,8242,2,Opt-Out
GE-2242,Male,IT,Entry,Spain,10/3/2015,117173,95000,0.05,5021,3,Gold Health
GE-2243,Female,IT,Professional,France,2/13/2019,139950,130000,0.1,15994,4,Standard
GE-2244,Female,Engineering,Director,Spain,1/22/2021,296808,340000,0.3,76322,3,Silver Health
GE-2245,Male,Engineering,Professional,UK,7/7/2018,141708,130000,0.1,12146,3,Standard
GE-2246,Female,Sales,Professional,UK,2/4/2017,123999,130000,0.1,10628,3,Standard
GE-2247,Female,Finance,Professional,Poland,11/20/2016,156600,130000,0.1,13422,3,Opt-Out
GE-2248,Female,IT,Senior,UK,3/4/2023,148765,175000,0.15,12751,2,Gold Health
GE-2249,Female,HR,Senior,Germany,7/30/2019,177224,175000,0.15,22785,3,Silver Health
GE-2250,Female,Marketing,Professional,Spain,7/4/2019,153298,130000,0.1,4379,1,Opt-Out
GE-2251,Female,Engineering,Professional,UK,5/18/2014,142761,130000,0.1,12236,3,Standard
GE-2252,Male,Engineering,Entry,Germany,3/15/2021,105322,95000,0.05,4513,3,Silver Health
GE-2253,Male,Engineering,Professional,Poland,5/25/2023,125026,130000,0.1,17860,5,Gold Health
GE-2254,Male,IT,Senior,UK,8/18/2015,178474,175000,0.15,30595,4,Standard
GE-2255,Female,IT,Professional,France,5/21/2022,138267,130000,0.1,15801,4,Silver Health
GE-2256,Male,Sales,Senior,France,11/14/2019,185523,175000,0.15,39754,5,Opt-Out
GE-2257,Male,Finance,Professional,Germany,5/15/2017,138674,130000,0.1,11886,3,Gold Health
GE-2258,Male,Sales,Entry,Poland,1/20/2016,103695,95000,0.05,4444,3,Opt-Out
GE-2259,Female,HR,Entry,France,9/18/2016,89015,95000,0.05,3814,3,Standard
GE-2260,Male,HR,Professional,Germany,9/8/2014,129374,130000,0.1,11089,3,Gold Health
GE-2261,Female,IT,Professional,France,5/24/2022,137671,130000,0.1,15733,4,Opt-Out
GE-2262,Female,Marketing,Senior,France,6/7/2020,189775,175000,0.15,16266,2,Silver Health
GE-2263,Male,Operations,Entry,France,7/9/2018,79761,95000,0.05,4557,4,Standard
GE-2264,Male,Finance,Professional,Germany,8/30/2014,112255,130000,0.1,9621,3,Gold Health
GE-2265,Male,Finance,Entry,UK,11/18/2015,109518,95000,0.05,6258,4,Gold Health
GE-2266,Male,Engineering,Senior,Spain,6/11/2017,180637,175000,0.15,30966,4,Silver Health
GE-2267,Female,Marketing,Professional,UK,8/10/2019,120033,130000,0.1,10288,3,Opt-Out
GE-2268,Male,Marketing,Entry,France,2/25/2019,105821,95000,0.05,4535,3,Gold Health
GE-2269,Male,IT,Senior,UK,2/11/2014,169291,175000,0.15,29021,4,Silver Health
GE-2270,Female,Engineering,Manager,Spain,7/21/2020,279990,240000,0.2,47998,3,Silver Health
GE-2271,Male,IT,Entry,Spain,9/22/2022,110293,95000,0.05,4726,3,Gold Health
GE-2272,Male,Finance,Professional,Spain,12/27/2015,129188,130000,0.1,11073,3,Gold Health
GE-2273,Male,Finance,Senior,Poland,4/26/2019,154352,175000,0.15,19845,3,Opt-Out
GE-2274,Male,Sales,Entry,Spain,4/1/2022,86413,95000,0.05,3703,3,Opt-Out
GE-2275,Male,IT,Senior,UK,2/8/2018,172668,175000,0.15,37000,5,Silver Health
GE-2276,Male,Marketing,Professional,Germany,9/10/2017,113201,130000,0.1,6468,2,Gold Health
GE-2277,Male,IT,Entry,Germany,5/11/2014,84263,95000,0.05,6018,5,Opt-Out
GE-2278,Female,Marketing,Senior,France,3/4/2018,148923,175000,0.15,19147,3,Silver Health
GE-2279,Female,Finance,Entry,Poland,2/23/2016,92177,95000,0.05,5267,4,Standard
GE-2280,Male,Operations,Professional,France,12/8/2017,139842,130000,0.1,19977,5,Opt-Out
GE-2281,Male,Finance,Professional,France,11/23/2017,127316,130000,0.1,10912,3,Silver Health
GE-2282,Female,HR,Senior,Germany,4/7/2020,180869,175000,0.15,31006,4,Gold Health
GE-2283,Male,Sales,Professional,Germany,12/14/2014,146826,130000,0.1,12585,3,Opt-Out
GE-2284,Female,Finance,Professional,Poland,2/19/2023,137620,130000,0.1,15728,4,Gold Health
GE-2285,Female,IT,Professional,Germany,12/6/2023,114346,130000,0.1,9801,3,Opt-Out
GE-2286,Male,Finance,Director,UK,11/4/2016,268221,340000,0.3,68971,3,Gold Health
GE-2287,Female,Engineering,Professional,UK,2/21/2023,150359,130000,0.1,12887,3,Opt-Out
GE-2288,Male,Engineering,Professional,UK,12/2/2019,110638,130000,0.1,12644,4,Gold Health
GE-2289,Male,Operations,Professional,France,9/3/2020,150356,130000,0.1,4295,1,Gold Health
GE-2290,Male,IT,Manager,Germany,1/8/2019,225830,240000,0.2,51618,4,Gold Health
GE-2291,Female,Marketing,Entry,Germany,5/15/2017,88631,95000,0.05,3798,3,Opt-Out
GE-2292,Male,IT,Professional,UK,5/29/2020,135208,130000,0.1,11589,3,Gold Health
GE-2293,Male,Engineering,Manager,Poland,1/30/2014,187579,240000,0.2,32156,3,Silver Health
GE-2294,Male,Finance,Director,Germany,4/23/2017,351894,340000,0.3,120649,4,Silver Health
GE-2295,Female,Engineering,Senior,UK,6/18/2022,156917,175000,0.15,26900,4,Silver Health
GE-2296,Female,Engineering,Professional,Poland,11/6/2014,123123,130000,0.1,3517,1,Silver Health
GE-2297,Female,Marketing,Senior,UK,3/24/2016,189468,175000,0.15,40600,5,Gold Health
GE-2298,Female,Finance,Senior,Germany,4/30/2023,174338,175000,0.15,14943,2,Silver Health
GE-2299,Male,Marketing,Senior,UK,10/3/2015,198176,175000,0.15,25479,3,Opt-Out
GE-2300,Female,Marketing,Professional,Spain,1/25/2019,133077,130000,0.1,15208,4,Silver Health
GE-2301,Male,Sales,Professional,UK,2/17/2020,125294,130000,0.1,10739,3,Gold Health
GE-2302,Male,Engineering,Professional,Spain,3/12/2017,128858,130000,0.1,11044,3,Standard
GE-2303,Male,Marketing,Senior,France,1/4/2023,171608,175000,0.15,14709,2,Silver Health
GE-2304,Female,IT,Manager,Germany,4/3/2019,251329,240000,0.2,43084,3,Standard
GE-2305,Female,IT,Manager,UK,7/7/2021,286327,240000,0.2,81807,5,Silver Health
GE-2306,Female,Operations,Manager,France,1/8/2017,259845,240000,0.2,44544,3,Opt-Out
GE-2307,Male,HR,Professional,Germany,1/1/2014,111703,130000,0.1,6383,2,Standard
GE-2308,Female,Engineering,Senior,Germany,10/15/2016,153174,175000,0.15,19693,3,Standard
GE-2309,Male,HR,Entry,Germany,1/18/2017,110136,95000,0.05,7866,5,Gold Health
GE-2310,Female,Marketing,Manager,UK,3/29/2016,261711,240000,0.2,14954,1,Standard
GE-2311,Male,IT,Entry,Poland,11/15/2015,105597,95000,0.05,4525,3,Silver Health
GE-2312,Female,Sales,Professional,UK,8/28/2016,143856,130000,0.1,8220,2,Standard
GE-2313,Male,Operations,Professional,France,4/17/2017,154559,130000,0.1,13247,3,Gold Health
GE-2314,Male,Finance,Professional,France,3/2/2015,110925,130000,0.1,9507,3,Opt-Out
GE-2315,Male,Engineering,Entry,Germany,2/7/2021,93643,95000,0.05,5351,4,Opt-Out
GE-2316,Male,Marketing,Manager,Spain,11/26/2019,232447,240000,0.2,39848,3,Opt-Out
GE-2317,Female,IT,Senior,France,4/13/2022,183579,175000,0.15,23603,3,Standard
GE-2318,Male,Marketing,Senior,Spain,2/13/2023,167888,175000,0.15,14390,2,Standard
GE-2319,Female,Operations,Professional,France,4/23/2023,140567,130000,0.1,16064,4,Opt-Out
GE-2320,Male,Sales,Entry,France,6/4/2021,83235,95000,0.05,3567,3,Standard
GE-2321,Male,Finance,Senior,France,1/6/2015,146824,175000,0.15,12584,2,Silver Health
GE-2322,Female,HR,Entry,France,10/23/2019,93280,95000,0.05,3997,3,Silver Health
GE-2323,Male,Finance,Professional,Poland,4/17/2020,119716,130000,0.1,10261,3,Gold Health
GE-2324,Male,Engineering,Senior,Germany,12/4/2020,143875,175000,0.15,6166,1,Standard
GE-2325,Female,Sales,Professional,Germany,12/13/2019,157120,130000,0.1,17956,4,Opt-Out
GE-2326,Male,Operations,Senior,Germany,6/16/2016,178274,175000,0.15,22920,3,Gold Health
GE-2327,Male,Finance,Director,Spain,3/30/2014,409836,340000,0.3,140515,4,Opt-Out
GE-2328,Female,Marketing,Professional,Poland,9/22/2017,113969,130000,0.1,13025,4,Standard
GE-2329,Male,HR,Professional,France,1/1/2016,134421,130000,0.1,11521,3,Silver Health
GE-2330,Male,IT,Manager,UK,5/13/2017,246870,240000,0.2,42320,3,Opt-Out
GE-2331,Male,Marketing,Entry,France,12/21/2019,105272,95000,0.05,4511,3,Opt-Out
GE-2332,Female,Operations,Entry,Spain,12/22/2023,103231,95000,0.05,4424,3,Gold Health
GE-2333,Male,IT,Senior,France,6/7/2020,164274,175000,0.15,21120,3,Silver Health
GE-2334,Male,IT,Professional,France,1/7/2018,129545,130000,0.1,14805,4,Gold Health
GE-2335,Female,Sales,Senior,Spain,4/8/2016,173743,175000,0.15,29784,4,Silver Health
GE-2336,Female,Finance,Professional,Germany,10/16/2022,140037,130000,0.1,12003,3,Silver Health
GE-2337,Male,Sales,Senior,UK,8/20/2017,153587,175000,0.15,26329,4,Gold Health
GE-2338,Female,IT,Professional,Poland,6/25/2019,108078,130000,0.1,12351,4,Standard
GE-2339,Male,HR,Professional,Poland,2/24/2018,129055,130000,0.1,11061,3,Standard
GE-2340,Male,HR,Entry,Poland,1/10/2023,97330,95000,0.05,4171,3,Silver Health
GE-2341,Female,Marketing,Entry,France,6/24/2015,108865,95000,0.05,6220,4,Opt-Out
GE-2342,Female,Engineering,Entry,Germany,10/5/2015,105873,95000,0.05,6049,4,Gold Health
GE-2343,Male,Marketing,Entry,Spain,10/11/2020,84525,95000,0.05,3622,3,Silver Health
GE-2344,Male,Operations,Professional,France,12/16/2017,127287,130000,0.1,10910,3,Opt-Out
GE-2345,Female,Sales,Director,France,5/31/2018,345057,340000,0.3,29576,1,Standard
GE-2346,Male,Engineering,Entry,UK,3/26/2018,91506,95000,0.05,3921,3,Standard
GE-2347,Female,Finance,Entry,Germany,7/5/2020,82673,95000,0.05,4724,4,Opt-Out
GE-2348,Female,Engineering,Senior,France,5/10/2022,176335,175000,0.15,22671,3,Standard
GE-2349,Male,HR,Professional,France,4/9/2022,123335,130000,0.1,14095,4,Gold Health
GE-2350,Female,Marketing,Entry,Poland,4/13/2022,91252,95000,0.05,5214,4,Standard
GE-2351,Male,Marketing,Entry,Germany,8/24/2016,89600,95000,0.05,3840,3,Silver Health
GE-2352,Male,Finance,Professional,France,9/9/2020,149490,130000,0.1,12813,3,Opt-Out
GE-2353,Female,Engineering,Entry,UK,9/9/2018,109063,95000,0.05,7790,5,Silver Health
GE-2354,Female,IT,Senior,Germany,2/13/2020,188778,175000,0.15,24271,3,Standard
GE-2355,Female,Engineering,Professional,Germany,3/23/2016,146009,130000,0.1,20858,5,Gold Health
GE-2356,Female,Marketing,Manager,UK,4/6/2016,226608,240000,0.2,38847,3,Standard
GE-2357,Male,Sales,Senior,France,5/17/2023,158722,175000,0.15,6802,1,Gold Health
GE-2358,Male,Marketing,Professional,Spain,9/8/2022,140592,130000,0.1,16067,4,Gold Health
GE-2359,Female,Engineering,Senior,Poland,11/9/2020,173814,175000,0.15,14898,2,Gold Health
GE-2360,Male,Finance,Senior,Spain,9/26/2021,190941,175000,0.15,40915,5,Gold Health
GE-2361,Female,Sales,Entry,UK,6/12/2020,107597,95000,0.05,4611,3,Gold Health
GE-2362,Male,Sales,Entry,Spain,2/27/2016,106368,95000,0.05,6078,4,Gold Health
GE-2363,Male,HR,Entry,Germany,7/29/2021,105705,95000,0.05,4530,3,Standard
GE-2364,Male,HR,Professional,France,1/20/2021,126275,130000,0.1,10823,3,Silver Health
GE-2365,Male,Marketing,Senior,Poland,6/10/2017,161792,175000,0.15,27735,4,Standard
GE-2366,Male,IT,Professional,France,7/19/2015,122523,130000,0.1,14002,4,Opt-Out
GE-2367,Male,Marketing,Professional,Poland,8/28/2020,124603,130000,0.1,10680,3,Opt-Out
GE-2368,Male,Sales,Entry,UK,8/20/2017,91961,95000,0.05,5254,4,Standard
GE-2369,Female,Engineering,Manager,France,10/12/2020,279521,240000,0.2,47917,3,Opt-Out
GE-2370,Male,Sales,Senior,UK,1/11/2018,197406,175000,0.15,25380,3,Gold Health
GE-2371,Female,Sales,Director,Spain,5/9/2018,298535,340000,0.3,102354,4,Silver Health
GE-2372,Male,Finance,Professional,Germany,1/10/2020,131994,130000,0.1,11313,3,Silver Health
GE-2373,Female,Engineering,Professional,UK,7/3/2015,146755,130000,0.1,12579,3,Gold Health
GE-2374,Male,Marketing,Senior,Poland,3/14/2019,169597,175000,0.15,14536,2,Silver Health
GE-2375,Male,Operations,Senior,Poland,8/11/2020,182682,175000,0.15,23487,3,Gold Health
GE-2376,Male,Sales,Senior,Poland,8/3/2020,154358,175000,0.15,19846,3,Opt-Out
GE-2377,Female,Marketing,Entry,Spain,12/17/2017,106305,95000,0.05,3037,2,Opt-Out
GE-2378,Female,Engineering,Entry,Poland,4/6/2017,74501,95000,0.05,3192,3,Silver Health
GE-2379,Female,IT,Entry,Spain,8/20/2023,89280,95000,0.05,3826,3,Silver Health
GE-2380,Male,IT,Senior,Spain,5/11/2014,199157,175000,0.15,25605,3,Gold Health
GE-2381,Male,HR,Director,Spain,11/1/2016,393273,340000,0.3,134836,4,Gold Health
GE-2382,Male,HR,Senior,UK,11/27/2017,156457,175000,0.15,26821,4,Standard
GE-2383,Male,Sales,Entry,Poland,10/7/2021,110900,95000,0.05,4752,3,Opt-Out
GE-2384,Female,Finance,Professional,UK,10/20/2021,125279,130000,0.1,14317,4,Silver Health
GE-2385,Female,Engineering,Professional,Germany,8/20/2017,125337,130000,0.1,17905,5,Gold Health
GE-2386,Female,Sales,Entry,Poland,6/29/2019,87666,95000,0.05,3757,3,Opt-Out
GE-2387,Female,Sales,Entry,France,3/13/2014,88463,95000,0.05,3791,3,Gold Health
GE-2388,Female,HR,Entry,Germany,4/20/2015,114613,95000,0.05,4911,3,Gold Health
GE-2389,Male,Finance,Senior,UK,10/20/2020,164497,175000,0.15,35249,5,Standard
GE-2390,Male,Engineering,Professional,Germany,8/5/2021,126676,130000,0.1,10857,3,Standard
GE-2391,Male,Finance,Senior,Germany,7/25/2019,158471,175000,0.15,20374,3,Gold Health
GE-2392,Female,Operations,Entry,Germany,2/4/2022,81187,95000,0.05,3479,3,Opt-Out
GE-2393,Male,Engineering,Professional,France,1/24/2022,106630,130000,0.1,9139,3,Silver Health
GE-2394,Female,Sales,Professional,UK,3/3/2023,110019,130000,0.1,12573,4,Silver Health
GE-2395,Male,Finance,Professional,Poland,3/18/2022,113399,130000,0.1,9719,3,Gold Health
GE-2396,Female,IT,Professional,UK,12/4/2015,149098,130000,0.1,12779,3,Silver Health
GE-2397,Female,IT,Professional,Spain,7/17/2016,133501,130000,0.1,15257,4,Standard
GE-2398,Male,IT,Entry,Germany,12/2/2020,95788,95000,0.05,6842,5,Gold Health
GE-2399,Male,Sales,Senior,France,12/22/2016,180624,175000,0.15,30964,4,Gold Health
GE-2400,Female,Engineering,Senior,Spain,8/6/2018,166395,175000,0.15,35656,5,Opt-Out
GE-2401,Female,IT,Professional,Poland,5/24/2015,117141,130000,0.1,10040,3,Standard
GE-2402,Male,HR,Senior,Poland,3/5/2023,170245,175000,0.15,21888,3,Silver Health
GE-2403,Female,IT,Professional,Poland,9/29/2021,130612,130000,0.1,7463,2,Opt-Out
GE-2404,Female,IT,Professional,Germany,7/9/2021,129157,130000,0.1,7380,2,Gold Health
GE-2405,Female,Operations,Manager,Spain,7/14/2023,214142,240000,0.2,24473,2,Opt-Out
GE-2406,Female,Marketing,Professional,Poland,7/6/2018,121579,130000,0.1,13894,4,Standard
GE-2407,Male,Marketing,Entry,UK,6/29/2023,86865,95000,0.05,3722,3,Gold Health
GE-2408,Female,Operations,Entry,UK,5/14/2018,84418,95000,0.05,3617,3,Standard
GE-2409,Male,Operations,Professional,Spain,8/24/2023,124066,130000,0.1,10634,3,Gold Health
GE-2410,Male,Sales,Senior,Spain,12/30/2014,162631,175000,0.15,27879,4,Opt-Out
GE-2411,Male,Engineering,Senior,France,2/25/2016,145141,175000,0.15,18660,3,Gold Health
GE-2412,Male,Finance,Entry,Poland,9/26/2020,101832,95000,0.05,2909,2,Silver Health
GE-2413,Male,Engineering,Entry,France,11/6/2017,93478,95000,0.05,4006,3,Gold Health
GE-2414,Male,Marketing,Entry,Germany,12/11/2016,89928,95000,0.05,2569,2,Silver Health
GE-2415,Female,HR,Entry,UK,8/21/2020,90630,95000,0.05,3884,3,Opt-Out
GE-2416,Male,Sales,Entry,Spain,2/11/2020,98137,95000,0.05,2803,2,Opt-Out
GE-2417,Male,HR,Professional,Spain,7/11/2019,134934,130000,0.1,11565,3,Standard
GE-2418,Female,Finance,Professional,France,4/10/2015,118209,130000,0.1,10132,3,Standard
GE-2419,Female,Engineering,Professional,Germany,10/1/2014,126732,130000,0.1,14483,4,Silver Health
GE-2420,Female,HR,Entry,France,11/23/2014,99342,95000,0.05,7095,5,Standard
GE-2421,Male,Engineering,Professional,France,8/10/2023,107933,130000,0.1,9251,3,Silver Health
GE-2422,Male,IT,Professional,Poland,7/31/2022,123398,130000,0.1,14102,4,Opt-Out
GE-2423,Male,Operations,Director,UK,5/10/2018,331570,340000,0.3,113681,4,Opt-Out
GE-2424,Male,Marketing,Professional,Germany,9/4/2020,120104,130000,0.1,10294,3,Opt-Out
GE-2425,Male,Operations,Entry,Poland,9/27/2014,105413,95000,0.05,4517,3,Gold Health
GE-2426,Male,IT,Director,Spain,8/2/2019,344778,340000,0.3,118209,4,Opt-Out
GE-2427,Male,Operations,Professional,UK,8/26/2019,131399,130000,0.1,11262,3,Silver Health
GE-2428,Male,HR,Professional,Germany,1/4/2015,144015,130000,0.1,12344,3,Standard
GE-2429,Male,Engineering,Professional,Germany,1/21/2014,135584,130000,0.1,15495,4,Standard
GE-2430,Male,IT,Professional,Spain,2/28/2016,162433,130000,0.1,13922,3,Gold Health
GE-2431,Male,Operations,Professional,Germany,9/11/2019,122644,130000,0.1,17520,5,Gold Health
GE-2432,Female,Operations,Senior,France,9/6/2019,166855,175000,0.15,28603,4,Standard
GE-2433,Female,Finance,Professional,Spain,11/3/2022,120995,130000,0.1,10371,3,Gold Health
GE-2434,Female,Engineering,Entry,France,7/22/2017,80352,95000,0.05,3443,3,Silver Health
GE-2435,Male,Operations,Senior,UK,1/24/2015,175017,175000,0.15,30002,4,Standard
GE-2436,Male,IT,Professional,France,4/14/2016,145208,130000,0.1,12446,3,Opt-Out
GE-2437,Female,IT,Director,France,2/4/2019,307286,340000,0.3,52677,2,Gold Health
GE-2438,Male,Engineering,Manager,UK,8/31/2019,234928,240000,0.2,40273,3,Silver Health
GE-2439,Female,Engineering,Manager,UK,8/4/2017,196483,240000,0.2,33682,3,Gold Health
GE-2440,Female,IT,Senior,Spain,7/29/2022,144863,175000,0.15,24833,4,Gold Health
GE-2441,Female,Sales,Senior,Germany,1/23/2014,156786,175000,0.15,26877,4,Opt-Out
GE-2442,Male,Marketing,Director,Germany,2/15/2017,345670,340000,0.3,118515,4,Silver Health
GE-2443,Female,IT,Senior,Poland,3/20/2018,181574,175000,0.15,23345,3,Gold Health
GE-2444,Female,Finance,Entry,UK,9/20/2014,105648,95000,0.05,1509,1,Opt-Out
GE-2445,Female,Finance,Entry,Spain,2/18/2014,83883,95000,0.05,2396,2,Opt-Out
GE-2446,Female,HR,Professional,Germany,9/8/2023,133782,130000,0.1,15289,4,Silver Health
GE-2447,Male,Finance,Manager,Poland,3/31/2017,239330,240000,0.2,41028,3,Gold Health
GE-2448,Male,Engineering,Director,Poland,9/20/2021,366060,340000,0.3,94129,3,Gold Health
GE-2449,Female,HR,Entry,France,6/13/2015,93505,95000,0.05,2671,2,Silver Health
GE-2450,Male,Marketing,Director,Germany,5/1/2018,303026,340000,0.3,77920,3,Standard
GE-2451,Male,HR,Professional,UK,3/15/2020,149325,130000,0.1,4266,1,Standard
GE-2452,Male,Marketing,Professional,Spain,8/17/2015,122122,130000,0.1,13956,4,Standard
GE-2453,Female,Operations,Professional,France,5/24/2021,140819,130000,0.1,16093,4,Gold Health
GE-2454,Female,Sales,Director,France,3/20/2020,393296,340000,0.3,134844,4,Standard
GE-2455,Female,Engineering,Professional,France,10/31/2017,123885,130000,0.1,10618,3,Opt-Out
GE-2456,Female,Engineering,Professional,Germany,2/27/2022,125369,130000,0.1,17909,5,Opt-Out
GE-2457,Male,IT,Professional,Spain,6/3/2016,116448,130000,0.1,13308,4,Silver Health
GE-2458,Male,Marketing,Professional,Germany,2/14/2014,118209,130000,0.1,10132,3,Standard
GE-2459,Male,Engineering,Senior,Spain,10/21/2021,197871,175000,0.15,25440,3,Opt-Out
GE-2460,Female,Engineering,Senior,Poland,1/27/2016,162657,175000,0.15,27884,4,Gold Health
GE-2461,Female,HR,Director,Poland,2/2/2020,296921,340000,0.3,76351,3,Silver Health
GE-2462,Male,Sales,Professional,Spain,4/23/2021,138514,130000,0.1,7915,2,Gold Health
GE-2463,Female,Engineering,Manager,UK,3/2/2015,187261,240000,0.2,32101,3,Silver Health
GE-2464,Male,Marketing,Senior,UK,4/13/2023,192368,175000,0.15,24733,3,Silver Health
GE-2465,Male,IT,Senior,UK,6/7/2014,205724,175000,0.15,26450,3,Standard
GE-2466,Male,Sales,Professional,France,4/30/2017,123720,130000,0.1,7069,2,Silver Health
GE-2467,Female,Marketing,Professional,Poland,6/30/2018,158167,130000,0.1,18076,4,Silver Health
GE-2468,Male,Engineering,Entry,France,3/21/2014,79952,95000,0.05,5710,5,Silver Health
GE-2469,Female,Sales,Entry,Poland,3/3/2015,89062,95000,0.05,3816,3,Standard
GE-2470,Female,Marketing,Entry,Poland,7/6/2017,102517,95000,0.05,5858,4,Standard
GE-2471,Female,HR,Entry,Spain,8/12/2021,115937,95000,0.05,8281,5,Standard
GE-2472,Female,Finance,Professional,UK,11/24/2022,125349,130000,0.1,17907,5,Standard
GE-2473,Male,Finance,Senior,Spain,7/23/2023,147934,175000,0.15,25360,4,Standard
GE-2474,Male,HR,Entry,UK,1/8/2019,94670,95000,0.05,4057,3,Gold Health
GE-2475,Female,Marketing,Entry,France,6/30/2019,92611,95000,0.05,2646,2,Opt-Out
GE-2476,Male,IT,Senior,France,12/25/2022,185108,175000,0.15,31732,4,Standard
GE-2477,Male,Engineering,Professional,Germany,11/21/2020,128552,130000,0.1,11018,3,Standard
GE-2478,Female,Engineering,Professional,Spain,6/9/2020,119002,130000,0.1,6800,2,Gold Health
GE-2479,Male,Engineering,Senior,Poland,11/19/2023,159392,175000,0.15,20493,3,Gold Health
GE-2480,Male,Engineering,Professional,Poland,7/13/2023,141414,130000,0.1,8080,2,Gold Health
GE-2481,Male,Sales,Professional,UK,2/1/2015,139591,130000,0.1,11964,3,Standard
GE-2482,Female,Sales,Professional,Spain,10/19/2018,136214,130000,0.1,11675,3,Silver Health
GE-2483,Female,Engineering,Senior,France,8/19/2016,163457,175000,0.15,35026,5,Standard
GE-2484,Female,Finance,Entry,France,8/25/2023,95984,95000,0.05,4113,3,Silver Health
GE-2485,Male,Sales,Professional,France,11/16/2022,138540,130000,0.1,15833,4,Silver Health
GE-2486,Male,HR,Entry,Poland,6/2/2017,98956,95000,0.05,4240,3,Silver Health
GE-2487,Male,Operations,Senior,Poland,9/7/2023,196097,175000,0.15,8404,1,Standard
GE-2488,Male,Engineering,Professional,Germany,5/10/2021,127132,130000,0.1,14529,4,Silver Health
GE-2489,Male,Operations,Manager,France,1/13/2017,250872,240000,0.2,71677,5,Standard
GE-2490,Female,Finance,Professional,UK,1/31/2022,138069,130000,0.1,11834,3,Opt-Out
GE-2491,Female,IT,Director,UK,11/28/2015,372702,340000,0.3,127783,4,Silver Health
GE-2492,Female,Engineering,Manager,Germany,9/24/2015,214306,240000,0.2,61230,5,Opt-Out
GE-2493,Female,Operations,Manager,UK,3/18/2018,265662,240000,0.2,60722,4,Opt-Out
GE-2494,Male,Finance,Manager,France,6/16/2020,279912,240000,0.2,47984,3,Standard
GE-2495,Male,IT,Entry,UK,3/22/2016,79263,95000,0.05,5661,5,Gold Health
GE-2496,Female,Engineering,Senior,Poland,10/13/2022,167557,175000,0.15,14362,2,Silver Health
GE-2497,Male,IT,Manager,France,10/18/2023,221960,240000,0.2,12683,1,Silver Health
GE-2498,Female,Engineering,Professional,Spain,2/8/2020,135771,130000,0.1,15516,4,Opt-Out
GE-2499,Male,Marketing,Senior,France,4/26/2021,185820,175000,0.15,31854,4,Gold Health
GE-2500,Female,Finance,Professional,Poland,11/25/2021,141728,130000,0.1,12148,3,Silver Health
GE-2501,Male,Finance,Director,Germany,9/6/2023,393088,340000,0.3,134773,4,Silver Health
GE-2502,Male,IT,Entry,France,10/9/2015,84128,95000,0.05,4807,4,Opt-Out
GE-2503,Male,Operations,Senior,Poland,12/20/2020,193662,175000,0.15,24899,3,Standard
GE-2504,Female,Engineering,Director,UK,3/1/2023,355232,340000,0.3,91345,3,Standard
GE-2505,Female,IT,Entry,UK,10/11/2019,100156,95000,0.05,5723,4,Standard
GE-2506,Female,Engineering,Professional,Germany,4/6/2019,130273,130000,0.1,11166,3,Silver Health
GE-2507,Female,Finance,Entry,Spain,5/28/2018,97499,95000,0.05,4178,3,Opt-Out
GE-2508,Male,Engineering,Professional,Poland,6/18/2018,104590,130000,0.1,11953,4,Silver Health
GE-2509,Male,Marketing,Professional,Germany,6/26/2023,118943,130000,0.1,10195,3,Opt-Out
GE-2510,Male,Marketing,Senior,Spain,10/14/2022,162831,175000,0.15,20935,3,Opt-Out
GE-2511,Male,Engineering,Professional,France,8/4/2021,132134,130000,0.1,15101,4,Opt-Out
GE-2512,Female,Engineering,Entry,France,7/18/2020,105228,95000,0.05,4509,3,Gold Health
GE-2513,Male,Sales,Professional,Spain,6/6/2021,125063,130000,0.1,10719,3,Silver Health
GE-2514,Female,Sales,Senior,Spain,12/24/2023,179910,175000,0.15,30841,4,Gold Health
GE-2515,Male,IT,Professional,Germany,4/6/2019,111869,130000,0.1,12785,4,Silver Health
GE-2516,Male,Marketing,Entry,Poland,9/29/2017,99697,95000,0.05,7121,5,Standard
GE-2517,Female,Sales,Professional,France,1/26/2020,137016,130000,0.1,15658,4,Silver Health
GE-2518,Male,Operations,Professional,Spain,5/8/2022,134452,130000,0.1,11524,3,Opt-Out
GE-2519,Female,Operations,Professional,Poland,8/13/2019,124118,130000,0.1,7092,2,Gold Health
GE-2520,Female,HR,Senior,UK,7/20/2022,163857,175000,0.15,21067,3,Opt-Out
GE-2521,Female,Operations,Manager,UK,4/3/2018,276670,240000,0.2,63238,4,Gold Health
GE-2522,Male,IT,Professional,Poland,11/15/2016,152873,130000,0.1,21839,5,Opt-Out
GE-2523,Male,Operations,Senior,Germany,4/22/2016,155139,175000,0.15,19946,3,Opt-Out
GE-2524,Male,Sales,Entry,Poland,4/23/2017,98411,95000,0.05,5623,4,Gold Health
GE-2525,Female,HR,Professional,Germany,9/12/2023,161450,130000,0.1,18451,4,Standard
GE-2526,Female,Operations,Director,Germany,10/20/2021,359261,340000,0.3,123175,4,Gold Health
GE-2527,Female,Sales,Professional,Poland,3/31/2019,134721,130000,0.1,11547,3,Gold Health
GE-2528,Female,Marketing,Senior,Poland,12/21/2014,171167,175000,0.15,29342,4,Standard
GE-2529,Female,Finance,Senior,Spain,1/14/2017,204976,175000,0.15,26354,3,Opt-Out
GE-2530,Female,Engineering,Manager,Germany,3/26/2021,257588,240000,0.2,58877,4,Opt-Out
GE-2531,Female,Sales,Professional,Germany,10/10/2021,141915,130000,0.1,4054,1,Standard
GE-2532,Male,IT,Manager,Germany,10/29/2023,289124,240000,0.2,49564,3,Standard
GE-2533,Male,Sales,Senior,Germany,2/27/2015,156053,175000,0.15,26751,4,Standard
GE-2534,Male,Engineering,Professional,UK,7/6/2021,120786,130000,0.1,13804,4,Opt-Out
GE-2535,Female,HR,Manager,Spain,12/1/2014,231437,240000,0.2,39674,3,Opt-Out
GE-2536,Male,Finance,Professional,France,6/20/2017,114482,130000,0.1,6541,2,Standard
GE-2537,Female,Sales,Manager,UK,6/21/2021,270833,240000,0.2,46428,3,Opt-Out
GE-2538,Male,HR,Senior,France,12/30/2021,187030,175000,0.15,24046,3,Standard
GE-2539,Female,IT,Professional,France,9/26/2015,116517,130000,0.1,3329,1,Standard
GE-2540,Male,HR,Entry,France,8/11/2015,93319,95000,0.05,3999,3,Gold Health
GE-2541,Female,Sales,Entry,Spain,11/10/2022,103409,95000,0.05,4431,3,Gold Health
GE-2542,Male,Finance,Senior,Poland,6/10/2014,187887,175000,0.15,40261,5,Silver Health
GE-2543,Male,IT,Entry,France,6/1/2017,83829,95000,0.05,3592,3,Silver Health
GE-2544,Female,IT,Professional,France,4/20/2018,101547,130000,0.1,11605,4,Opt-Out
GE-2545,Male,Engineering,Professional,France,1/24/2017,143079,130000,0.1,20439,5,Gold Health
GE-2546,Male,Operations,Manager,UK,1/10/2020,243443,240000,0.2,41733,3,Opt-Out
GE-2547,Female,Engineering,Professional,France,1/11/2014,118999,130000,0.1,13599,4,Silver Health
GE-2548,Male,IT,Senior,Poland,10/7/2021,192485,175000,0.15,32997,4,Opt-Out
GE-2549,Female,IT,Professional,UK,1/14/2019,137186,130000,0.1,15678,4,Opt-Out
GE-2550,Female,Finance,Entry,France,11/21/2017,100422,95000,0.05,4303,3,Standard
GE-2551,Female,Operations,Senior,Germany,11/3/2021,182837,175000,0.15,23507,3,Gold Health
GE-2552,Female,Marketing,Entry,Spain,2/2/2018,89501,95000,0.05,3835,3,Silver Health
GE-2553,Male,Operations,Entry,Germany,11/23/2019,92165,95000,0.05,3949,3,Silver Health
GE-2554,Female,Marketing,Manager,Germany,8/23/2017,246589,240000,0.2,56363,4,Standard
GE-2555,Male,Finance,Entry,France,10/23/2022,106877,95000,0.05,6107,4,Standard
GE-2556,Male,Operations,Entry,Germany,3/5/2016,106364,95000,0.05,4558,3,Silver Health
GE-2557,Female,HR,Director,UK,4/17/2022,337585,340000,0.3,144679,5,Silver Health
GE-2558,Female,HR,Senior,Spain,1/2/2017,160115,175000,0.15,20586,3,Standard
GE-2559,Male,Marketing,Professional,Germany,12/21/2020,113892,130000,0.1,16270,5,Gold Health
GE-2560,Female,IT,Professional,Germany,5/29/2023,114912,130000,0.1,9849,3,Silver Health
GE-2561,Male,IT,Senior,France,2/10/2015,209595,175000,0.15,35930,4,Silver Health
GE-2562,Female,Operations,Manager,UK,4/12/2022,224279,240000,0.2,38447,3,Opt-Out
GE-2563,Male,HR,Professional,Poland,3/17/2022,113079,130000,0.1,9692,3,Gold Health
GE-2564,Female,Finance,Entry,UK,6/20/2015,93211,95000,0.05,3994,3,Silver Health
GE-2565,Female,HR,Entry,France,6/5/2021,85321,95000,0.05,3656,3,Standard
GE-2566,Male,Operations,Entry,UK,1/21/2019,86504,95000,0.05,3707,3,Opt-Out
GE-2567,Female,Operations,Senior,Poland,8/10/2015,154972,175000,0.15,19924,3,Standard
GE-2568,Female,Sales,Senior,Spain,4/14/2023,198523,175000,0.15,42540,5,Opt-Out
GE-2569,Female,Operations,Professional,UK,9/26/2016,158127,130000,0.1,18071,4,Silver Health
GE-2570,Female,Finance,Entry,Poland,8/27/2019,117241,95000,0.05,6699,4,Standard
GE-2571,Female,Sales,Professional,Germany,1/3/2016,108202,130000,0.1,9274,3,Gold Health
GE-2572,Male,Finance,Manager,Poland,12/15/2019,261351,240000,0.2,44803,3,Opt-Out
GE-2573,Male,Sales,Professional,Spain,1/9/2023,137469,130000,0.1,11783,3,Opt-Out
GE-2574,Male,IT,Senior,Poland,1/28/2016,149675,175000,0.15,25658,4,Gold Health
GE-2575,Male,Finance,Professional,UK,1/15/2014,122134,130000,0.1,10468,3,Standard
GE-2576,Male,Operations,Entry,France,8/18/2018,103947,95000,0.05,4454,3,Standard
GE-2577,Male,Sales,Professional,France,4/10/2015,119716,130000,0.1,3420,1,Opt-Out
GE-2578,Male,Finance,Senior,Poland,3/6/2020,158216,175000,0.15,20342,3,Silver Health
GE-2579,Female,Marketing,Professional,Poland,4/8/2014,134537,130000,0.1,15375,4,Silver Health
GE-2580,Male,Operations,Professional,Germany,2/25/2017,122880,130000,0.1,10532,3,Opt-Out
GE-2581,Male,Finance,Professional,France,6/15/2019,131171,130000,0.1,11243,3,Silver Health
GE-2582,Female,Engineering,Entry,UK,2/21/2020,101981,95000,0.05,2913,2,Silver Health
GE-2583,Male,Finance,Entry,Poland,11/9/2023,86462,95000,0.05,3705,3,Opt-Out
GE-2584,Male,Marketing,Entry,France,6/4/2016,104120,95000,0.05,4462,3,Gold Health
GE-2585,Male,IT,Senior,Germany,9/13/2014,197865,175000,0.15,25439,3,Gold Health
GE-2586,Male,Marketing,Professional,Germany,8/17/2014,117806,130000,0.1,10097,3,Silver Health
GE-2587,Male,IT,Director,France,2/21/2023,328770,340000,0.3,28180,1,Gold Health
GE-2588,Female,Sales,Entry,UK,12/10/2020,110455,95000,0.05,4733,3,Silver Health
GE-2589,Male,Engineering,Senior,France,5/21/2022,200928,175000,0.15,8611,1,Opt-Out
GE-2590,Female,Engineering,Manager,Poland,2/18/2016,209489,240000,0.2,35912,3,Silver Health
GE-2591,Female,Operations,Manager,France,7/8/2014,276426,240000,0.2,47387,3,Opt-Out
GE-2592,Female,Engineering,Professional,Germany,9/20/2015,138504,130000,0.1,7914,2,Standard
GE-2593,Male,Engineering,Senior,UK,6/29/2019,147937,175000,0.15,19020,3,Silver Health
GE-2594,Female,HR,Entry,Germany,8/21/2014,104454,95000,0.05,4476,3,Opt-Out
GE-2595,Female,HR,Senior,Spain,9/21/2023,207277,175000,0.15,35533,4,Gold Health
GE-2596,Male,Finance,Senior,Germany,5/2/2019,167375,175000,0.15,21519,3,Opt-Out
GE-2597,Female,Finance,Entry,France,11/30/2014,89632,95000,0.05,5121,4,Gold Health
GE-2598,Female,Finance,Professional,UK,5/11/2017,126995,130000,0.1,7256,2,Gold Health
GE-2599,Female,HR,Professional,France,1/1/2021,126293,130000,0.1,10825,3,Standard
GE-2600,Female,HR,Entry,Spain,10/17/2023,104016,95000,0.05,1485,1,Silver Health
GE-2601,Female,Finance,Professional,France,12/25/2022,123078,130000,0.1,10549,3,Opt-Out
GE-2602,Male,Engineering,Senior,Poland,8/19/2015,165806,175000,0.15,21317,3,Gold Health
GE-2603,Female,IT,Professional,Poland,11/10/2016,155947,130000,0.1,13366,3,Gold Health
GE-2604,Female,Finance,Entry,Germany,3/28/2021,93000,95000,0.05,2657,2,Gold Health
GE-2605,Male,Engineering,Manager,France,9/22/2020,244120,240000,0.2,13949,1,Standard
GE-2606,Female,IT,Professional,Spain,10/6/2022,155525,130000,0.1,13330,3,Standard
GE-2607,Male,Engineering,Professional,Poland,10/9/2020,128857,130000,0.1,14726,4,Silver Health
GE-2608,Male,Marketing,Manager,France,12/19/2021,287313,240000,0.2,49253,3,Standard
GE-2609,Male,Engineering,Senior,Poland,4/27/2020,192329,175000,0.15,24728,3,Standard
GE-2610,Male,Sales,Professional,Poland,2/14/2016,118412,130000,0.1,16916,5,Standard
GE-2611,Male,Operations,Entry,Germany,12/14/2016,74859,95000,0.05,3208,3,Silver Health
GE-2612,Female,Sales,Manager,UK,4/24/2018,211352,240000,0.2,60386,5,Gold Health
GE-2613,Female,Operations,Professional,Germany,6/2/2018,125575,130000,0.1,17939,5,Gold Health
GE-2614,Male,Marketing,Senior,Poland,6/14/2022,169976,175000,0.15,21854,3,Silver Health
GE-2615,Female,Sales,Entry,Spain,9/30/2022,96989,95000,0.05,2771,2,Standard
GE-2616,Female,Operations,Professional,UK,1/10/2017,119208,130000,0.1,10217,3,Silver Health
GE-2617,Male,Finance,Professional,UK,12/26/2020,125334,130000,0.1,14323,4,Silver Health
GE-2618,Male,Marketing,Senior,UK,12/10/2020,173548,175000,0.15,29751,4,Silver Health
GE-2619,Male,IT,Professional,France,3/16/2018,135382,130000,0.1,11604,3,Gold Health
GE-2620,Male,Engineering,Professional,Germany,10/1/2023,135257,130000,0.1,3864,1,Gold Health
GE-2621,Male,IT,Professional,Spain,6/11/2017,160717,130000,0.1,13775,3,Silver Health
GE-2622,Female,IT,Professional,Poland,4/10/2021,131042,130000,0.1,14976,4,Silver Health
GE-2623,Male,Finance,Manager,Spain,1/6/2020,264263,240000,0.2,75503,5,Opt-Out
GE-2624,Female,Operations,Senior,UK,11/21/2019,149934,175000,0.15,25702,4,Gold Health
GE-2625,Female,Marketing,Professional,France,5/28/2023,110384,130000,0.1,9461,3,Standard
GE-2626,Female,HR,Professional,Spain,7/19/2016,136451,130000,0.1,11695,3,Silver Health
GE-2627,Male,Finance,Senior,UK,9/27/2023,167775,175000,0.15,7190,1,Silver Health
GE-2628,Male,Marketing,Director,France,1/19/2019,355382,340000,0.3,91383,3,Silver Health
GE-2629,Male,Sales,Professional,Germany,12/21/2020,152376,130000,0.1,8707,2,Silver Health
GE-2630,Female,Engineering,Entry,France,12/6/2023,82912,95000,0.05,4737,4,Silver Health
GE-2631,Male,Operations,Professional,Poland,10/6/2017,128510,130000,0.1,7343,2,Standard
GE-2632,Male,Engineering,Professional,France,2/17/2016,119401,130000,0.1,10234,3,Silver Health
GE-2633,Male,Sales,Senior,Germany,7/4/2020,175780,175000,0.15,30133,4,Opt-Out
GE-2634,Female,Operations,Professional,France,2/14/2020,139723,130000,0.1,3992,1,Silver Health
GE-2635,Male,IT,Professional,Poland,12/24/2016,147796,130000,0.1,21113,5,Silver Health
GE-2636,Male,IT,Entry,France,7/28/2022,85208,95000,0.05,3651,3,Gold Health
GE-2637,Female,Engineering,Director,UK,10/14/2017,305197,340000,0.3,52319,2,Silver Health
GE-2638,Male,HR,Entry,Germany,5/5/2020,79927,95000,0.05,2283,2,Silver Health
GE-2639,Female,Marketing,Professional,Germany,11/23/2015,139857,130000,0.1,19979,5,Standard
GE-2640,Female,IT,Manager,Poland,9/2/2018,246649,240000,0.2,28188,2,Silver Health
GE-2641,Male,HR,Manager,Spain,9/8/2022,202138,240000,0.2,34652,3,Opt-Out
GE-2642,Male,Sales,Professional,Germany,1/14/2014,144992,130000,0.1,16570,4,Opt-Out
GE-2643,Female,HR,Professional,Spain,4/16/2016,113155,130000,0.1,9699,3,Standard
GE-2644,Female,Sales,Entry,Germany,11/18/2015,79534,95000,0.05,2272,2,Silver Health
GE-2645,Female,Marketing,Professional,Poland,8/20/2023,108968,130000,0.1,9340,3,Standard
GE-2646,Male,IT,Senior,Germany,11/5/2019,216351,175000,0.15,9272,1,Opt-Out
GE-2647,Female,Engineering,Professional,Poland,9/22/2021,122808,130000,0.1,10526,3,Silver Health
GE-2648,Female,Engineering,Manager,Spain,12/19/2022,282931,240000,0.2,64669,4,Gold Health
GE-2649,Male,Marketing,Senior,France,3/3/2015,159947,175000,0.15,27419,4,Gold Health
GE-2650,Female,HR,Senior,Poland,5/4/2018,183842,175000,0.15,31515,4,Standard
GE-2651,Female,IT,Professional,Poland,2/24/2018,117845,130000,0.1,13468,4,Silver Health
GE-2652,Male,Marketing,Entry,Spain,3/19/2023,88705,95000,0.05,3801,3,Gold Health
GE-2653,Female,HR,Professional,Germany,2/6/2017,107736,130000,0.1,9234,3,Opt-Out
GE-2654,Female,Finance,Professional,Poland,9/19/2021,131028,130000,0.1,11230,3,Standard
GE-2655,Female,Engineering,Professional,France,11/7/2014,141525,130000,0.1,12130,3,Gold Health
GE-2656,Female,Sales,Senior,France,3/28/2015,188181,175000,0.15,24194,3,Standard
GE-2657,Female,Sales,Entry,Poland,7/13/2023,83632,95000,0.05,4778,4,Gold Health
GE-2658,Male,Marketing,Senior,Poland,10/29/2019,163413,175000,0.15,14006,2,Gold Health
GE-2659,Female,HR,Professional,UK,5/13/2019,113377,130000,0.1,12957,4,Gold Health
GE-2660,Female,Finance,Senior,Spain,4/24/2020,160623,175000,0.15,27535,4,Gold Health
GE-2661,Female,Operations,Professional,Spain,12/28/2014,141130,130000,0.1,20161,5,Gold Health
GE-2662,Male,Sales,Entry,Germany,3/27/2017,97340,95000,0.05,5562,4,Silver Health
GE-2663,Male,Marketing,Professional,UK,4/28/2017,138308,130000,0.1,11854,3,Gold Health
GE-2664,Male,Marketing,Professional,UK,11/4/2016,128443,130000,0.1,11009,3,Gold Health
GE-2665,Male,IT,Entry,UK,1/2/2019,86843,95000,0.05,3721,3,Gold Health
GE-2666,Male,HR,Professional,France,9/21/2023,148273,130000,0.1,12709,3,Gold Health
GE-2667,Male,Operations,Senior,UK,10/19/2014,165352,175000,0.15,35432,5,Silver Health
GE-2668,Female,Operations,Entry,UK,9/2/2020,84044,95000,0.05,4802,4,Standard
GE-2669,Male,Finance,Senior,Spain,10/28/2018,158817,175000,0.15,13612,2,Standard
GE-2670,Male,Engineering,Entry,Poland,10/21/2014,86450,95000,0.05,2470,2,Standard
GE-2671,Male,Operations,Senior,Germany,4/10/2016,191869,175000,0.15,24668,3,Standard
GE-2672,Male,Finance,Professional,France,6/3/2023,123685,130000,0.1,10601,3,Opt-Out
GE-2673,Female,Marketing,Entry,Germany,1/4/2020,100413,95000,0.05,4303,3,Gold Health
GE-2674,Male,Finance,Director,Germany,6/1/2016,385052,340000,0.3,99013,3,Opt-Out
GE-2675,Male,Engineering,Senior,Spain,8/6/2022,160977,175000,0.15,27596,4,Silver Health
GE-2676,Male,HR,Professional,UK,3/4/2020,111961,130000,0.1,9596,3,Opt-Out
GE-2677,Male,Finance,Professional,Germany,5/22/2023,128960,130000,0.1,11053,3,Standard
GE-2678,Male,Finance,Professional,Spain,1/6/2017,129234,130000,0.1,11077,3,Opt-Out
GE-2679,Male,Operations,Manager,Spain,11/9/2022,237126,240000,0.2,27100,2,Opt-Out
GE-2680,Male,IT,Entry,Germany,3/14/2022,93774,95000,0.05,2679,2,Gold Health
GE-2681,Female,HR,Professional,Poland,2/15/2023,141681,130000,0.1,16192,4,Standard
GE-2682,Female,Sales,Senior,France,10/14/2015,148687,175000,0.15,31861,5,Gold Health
GE-2683,Male,Marketing,Professional,Spain,4/9/2021,120323,130000,0.1,13751,4,Gold Health
GE-2684,Male,Sales,Senior,UK,4/5/2016,183538,175000,0.15,31463,4,Silver Health
GE-2685,Male,HR,Professional,Germany,9/14/2021,114273,130000,0.1,9794,3,Silver Health
GE-2686,Male,Operations,Senior,Spain,1/17/2018,174832,175000,0.15,22478,3,Opt-Out
GE-2687,Female,Marketing,Entry,UK,3/17/2015,90970,95000,0.05,5198,4,Silver Health
GE-2688,Female,Operations,Manager,Germany,7/8/2019,210551,240000,0.2,36094,3,Standard
GE-2689,Male,Marketing,Entry,UK,12/27/2023,96845,95000,0.05,6917,5,Gold Health
GE-2690,Male,Marketing,Manager,UK,10/31/2017,250037,240000,0.2,57151,4,Gold Health
GE-2691,Male,HR,Professional,Poland,7/5/2016,120600,130000,0.1,10337,3,Opt-Out
GE-2692,Male,Finance,Senior,Germany,5/12/2020,162519,175000,0.15,34825,5,Gold Health
GE-2693,Male,IT,Senior,UK,5/11/2023,176178,175000,0.15,22651,3,Opt-Out
GE-2694,Male,HR,Manager,France,12/3/2022,253307,240000,0.2,57898,4,Opt-Out
GE-2695,Male,Sales,Senior,Spain,6/16/2019,143823,175000,0.15,18491,3,Gold Health
GE-2696,Female,IT,Director,Germany,5/12/2018,311965,340000,0.3,80219,3,Gold Health
GE-2697,Male,Finance,Senior,Poland,4/27/2015,186783,175000,0.15,24014,3,Gold Health
GE-2698,Female,HR,Professional,Spain,3/1/2020,139079,130000,0.1,15894,4,Gold Health
GE-2699,Female,HR,Senior,Spain,10/31/2017,192489,175000,0.15,24748,3,Gold Health
GE-2700,Male,HR,Entry,France,4/6/2021,91706,95000,0.05,3930,3,Opt-Out
GE-2701,Female,Finance,Senior,Spain,4/14/2019,205059,175000,0.15,26364,3,Silver Health
GE-2702,Female,Marketing,Manager,Germany,6/21/2021,243260,240000,0.2,41701,3,Opt-Out
GE-2703,Female,IT,Manager,Germany,4/3/2023,217953,240000,0.2,24908,2,Standard
GE-2704,Female,Sales,Professional,UK,5/26/2016,127936,130000,0.1,14621,4,Opt-Out
GE-2705,Male,IT,Senior,Poland,3/7/2017,185743,175000,0.15,31841,4,Silver Health
GE-2706,Female,IT,Senior,Germany,12/11/2021,194190,175000,0.15,8322,1,Opt-Out
GE-2707,Female,Marketing,Professional,UK,10/1/2023,142372,130000,0.1,16271,4,Standard
GE-2708,Male,Operations,Professional,Poland,9/19/2022,149634,130000,0.1,12825,3,Silver Health
GE-2709,Male,IT,Professional,France,10/17/2015,146591,130000,0.1,16753,4,Gold Health
GE-2710,Male,Sales,Professional,UK,1/19/2016,117807,130000,0.1,10097,3,Standard
GE-2711,Male,Sales,Professional,France,3/9/2018,115554,130000,0.1,9904,3,Gold Health
GE-2712,Female,HR,Entry,Germany,7/16/2022,95481,95000,0.05,2728,2,Opt-Out
GE-2713,Female,Operations,Professional,Germany,10/12/2018,112924,130000,0.1,12905,4,Silver Health
GE-2714,Male,IT,Manager,Germany,3/23/2014,271696,240000,0.2,62101,4,Opt-Out
GE-2715,Male,Marketing,Entry,Germany,7/10/2019,85910,95000,0.05,1227,1,Standard
GE-2716,Female,Engineering,Senior,Poland,3/24/2018,144859,175000,0.15,6208,1,Opt-Out
GE-2717,Female,IT,Director,Poland,6/1/2019,315426,340000,0.3,81109,3,Silver Health
GE-2718,Female,Sales,Senior,Spain,4/19/2018,168447,175000,0.15,28876,4,Silver Health
GE-2719,Female,Marketing,Manager,Germany,3/14/2020,270466,240000,0.2,46365,3,Standard
GE-2720,Female,Finance,Entry,Poland,2/17/2016,92955,95000,0.05,3983,3,Standard
GE-2721,Male,Engineering,Professional,UK,4/12/2021,119899,130000,0.1,10277,3,Silver Health
GE-2722,Male,Marketing,Senior,Germany,1/31/2019,173982,175000,0.15,22369,3,Opt-Out
GE-2723,Male,Operations,Professional,France,1/1/2021,155309,130000,0.1,13312,3,Silver Health
GE-2724,Female,HR,Entry,UK,11/26/2019,96084,95000,0.05,6863,5,Standard
GE-2725,Female,Engineering,Entry,UK,11/1/2016,104077,95000,0.05,5947,4,Gold Health
GE-2726,Female,HR,Professional,Poland,4/20/2016,116081,130000,0.1,9949,3,Opt-Out
GE-2727,Female,Marketing,Entry,UK,1/27/2018,76112,95000,0.05,2174,2,Silver Health
GE-2728,Male,Operations,Director,UK,9/5/2018,330702,340000,0.3,113383,4,Standard
GE-2729,Female,HR,Manager,UK,9/17/2021,237589,240000,0.2,54306,4,Silver Health
GE-2730,Male,HR,Senior,Poland,12/5/2014,181314,175000,0.15,7770,1,Standard
GE-2731,Female,Marketing,Manager,Spain,10/17/2022,229662,240000,0.2,39370,3,Opt-Out
GE-2732,Female,HR,Professional,Germany,9/19/2023,132155,130000,0.1,11327,3,Silver Health
GE-2733,Male,Engineering,Entry,Spain,7/28/2017,83083,95000,0.05,3560,3,Gold Health
GE-2734,Male,Marketing,Senior,Spain,11/25/2022,185308,175000,0.15,23825,3,Gold Health
GE-2735,Female,HR,Professional,Germany,2/23/2018,152310,130000,0.1,17406,4,Silver Health
GE-2736,Female,Engineering,Professional,France,7/4/2019,129526,130000,0.1,7401,2,Gold Health
GE-2737,Female,Engineering,Professional,Germany,2/9/2019,141122,130000,0.1,8064,2,Opt-Out
GE-2738,Male,Sales,Director,France,2/9/2018,278205,340000,0.3,95384,4,Opt-Out
GE-2739,Male,HR,Entry,France,5/14/2017,98412,95000,0.05,5623,4,Gold Health
GE-2740,Male,IT,Professional,Germany,6/12/2021,149195,130000,0.1,12788,3,Standard
GE-2741,Female,Operations,Entry,Poland,2/11/2017,90524,95000,0.05,3879,3,Opt-Out
GE-2742,Male,Sales,Professional,Spain,4/25/2022,121737,130000,0.1,17391,5,Gold Health
GE-2743,Male,Sales,Professional,France,9/9/2023,131629,130000,0.1,18804,5,Standard
GE-2744,Male,Sales,Manager,France,3/28/2018,270177,240000,0.2,46316,3,Opt-Out
GE-2745,Male,Engineering,Manager,France,11/10/2018,248916,240000,0.2,56895,4,Silver Health
GE-2746,Male,IT,Senior,Poland,2/18/2017,181435,175000,0.15,31103,4,Opt-Out
GE-2747,Male,IT,Senior,Poland,4/6/2018,175505,175000,0.15,37608,5,Silver Health
GE-2748,Female,HR,Entry,Spain,8/7/2019,111349,95000,0.05,4772,3,Silver Health
GE-2749,Male,Operations,Senior,UK,9/18/2019,135845,175000,0.15,17465,3,Standard
GE-2750,Female,Finance,Professional,France,7/26/2014,138977,130000,0.1,11912,3,Silver Health
GE-2751,Male,IT,Senior,Spain,9/12/2016,196678,175000,0.15,33716,4,Standard
GE-2752,Female,Finance,Professional,Germany,12/3/2018,147647,130000,0.1,12655,3,Gold Health
GE-2753,Female,Engineering,Senior,UK,11/28/2020,142484,175000,0.15,24425,4,Gold Health
GE-2754,Female,IT,Professional,Poland,4/8/2022,120596,130000,0.1,6891,2,Opt-Out
GE-2755,Female,Sales,Senior,Germany,7/2/2014,174314,175000,0.15,7470,1,Standard
GE-2756,Male,IT,Director,UK,2/15/2014,362970,340000,0.3,124446,4,Opt-Out
GE-2757,Male,Operations,Entry,France,12/13/2016,96000,95000,0.05,2742,2,Opt-Out
GE-2758,Female,HR,Manager,France,9/25/2020,235813,240000,0.2,53900,4,Standard
GE-2759,Female,Sales,Professional,France,10/25/2019,125377,130000,0.1,17911,5,Opt-Out
GE-2760,Female,HR,Professional,UK,11/6/2018,134548,130000,0.1,15376,4,Silver Health
GE-2761,Male,Finance,Professional,Spain,3/30/2017,159431,130000,0.1,13665,3,Gold Health
GE-2762,Male,Operations,Professional,Germany,12/21/2019,107204,130000,0.1,9188,3,Gold Health
GE-2763,Male,Engineering,Manager,Poland,5/12/2021,291905,240000,0.2,16680,1,Silver Health
GE-2764,Male,Marketing,Professional,Germany,2/18/2021,129387,130000,0.1,11090,3,Standard
GE-2765,Female,Marketing,Senior,Germany,2/25/2016,145667,175000,0.15,24971,4,Standard
GE-2766,Male,Marketing,Senior,Poland,1/17/2016,165966,175000,0.15,14225,2,Standard
GE-2767,Male,HR,Professional,Spain,2/7/2015,156576,130000,0.1,17894,4,Gold Health
GE-2768,Male,IT,Senior,Poland,7/30/2014,151208,175000,0.15,19441,3,Standard
GE-2769,Male,Engineering,Manager,Spain,8/17/2014,254304,240000,0.2,72658,5,Silver Health
GE-2770,Male,IT,Director,France,1/11/2014,330183,340000,0.3,113205,4,Silver Health
GE-2771,Male,HR,Manager,Spain,11/22/2020,269194,240000,0.2,15382,1,Silver Health
GE-2772,Male,HR,Entry,UK,5/2/2017,108899,95000,0.05,4667,3,Silver Health
GE-2773,Male,HR,Entry,Spain,12/23/2017,95029,95000,0.05,5430,4,Silver Health
GE-2774,Female,Finance,Professional,France,1/4/2017,142436,130000,0.1,12208,3,Silver Health
GE-2775,Male,Engineering,Manager,Spain,5/26/2023,280656,240000,0.2,64149,4,Silver Health
GE-2776,Female,Sales,Professional,UK,4/1/2014,154931,130000,0.1,8853,2,Silver Health
GE-2777,Female,Finance,Entry,France,9/7/2017,77948,95000,0.05,3340,3,Opt-Out
GE-2778,Female,Engineering,Manager,Poland,8/24/2016,232534,240000,0.2,39862,3,Gold Health
GE-2779,Female,Operations,Entry,Poland,8/10/2015,85232,95000,0.05,4870,4,Silver Health
GE-2780,Female,Sales,Entry,Spain,10/29/2017,91701,95000,0.05,3930,3,Gold Health
GE-2781,Female,Operations,Manager,UK,10/17/2019,259202,240000,0.2,74057,5,Standard
GE-2782,Male,Operations,Director,Spain,12/4/2020,367468,340000,0.3,94491,3,Silver Health
GE-2783,Male,IT,Professional,Poland,9/13/2018,105180,130000,0.1,9015,3,Opt-Out
GE-2784,Female,IT,Senior,France,10/18/2022,147254,175000,0.15,12621,2,Gold Health
GE-2785,Male,Finance,Senior,UK,6/2/2017,181072,175000,0.15,7760,1,Silver Health
GE-2786,Male,Sales,Professional,Spain,8/14/2016,119614,130000,0.1,17087,5,Gold Health
GE-2787,Female,Sales,Manager,UK,3/29/2019,220429,240000,0.2,37787,3,Silver Health
GE-2788,Female,Operations,Professional,Poland,6/3/2020,139899,130000,0.1,11991,3,Opt-Out
GE-2789,Male,Finance,Manager,France,4/22/2022,256448,240000,0.2,43962,3,Silver Health
GE-2790,Female,Engineering,Professional,Germany,11/9/2020,126380,130000,0.1,10832,3,Gold Health
GE-2791,Male,Sales,Senior,Poland,7/4/2019,153831,175000,0.15,13185,2,Silver Health
GE-2792,Female,Sales,Senior,Poland,11/20/2016,148248,175000,0.15,19060,3,Silver Health
GE-2793,Female,IT,Professional,France,7/9/2018,124517,130000,0.1,17788,5,Gold Health
GE-2794,Female,Engineering,Senior,France,8/21/2014,151061,175000,0.15,6474,1,Silver Health
GE-2795,Female,Sales,Professional,UK,5/20/2014,153285,130000,0.1,13138,3,Standard
GE-2796,Male,IT,Senior,Spain,9/30/2015,181090,175000,0.15,23283,3,Gold Health
GE-2797,Male,HR,Entry,Spain,7/30/2022,75172,95000,0.05,5369,5,Silver Health
GE-2798,Male,Sales,Entry,Germany,4/25/2023,102355,95000,0.05,4386,3,Opt-Out
GE-2799,Female,Operations,Professional,Spain,7/23/2014,112197,130000,0.1,16028,5,Opt-Out
GE-2800,Female,Marketing,Senior,France,12/5/2019,208480,175000,0.15,26804,3,Silver Health
GE-2801,Male,Marketing,Manager,Spain,10/1/2014,237741,240000,0.2,67926,5,Gold Health
GE-2802,Male,Marketing,Professional,Poland,12/14/2023,124725,130000,0.1,10690,3,Silver Health
GE-2803,Male,Engineering,Professional,UK,6/18/2020,115274,130000,0.1,9880,3,Standard
GE-2804,Female,Finance,Professional,Spain,7/9/2023,117613,130000,0.1,10081,3,Silver Health
GE-2805,Female,IT,Professional,Germany,6/2/2014,140608,130000,0.1,16069,4,Opt-Out
GE-2806,Female,Finance,Senior,France,2/1/2017,142113,175000,0.15,30452,5,Standard
GE-2807,Male,IT,Professional,France,11/12/2022,105928,130000,0.1,12106,4,Silver Health
GE-2808,Male,Sales,Professional,France,7/18/2018,139449,130000,0.1,7968,2,Silver Health
GE-2809,Female,Finance,Senior,France,9/11/2021,174461,175000,0.15,22430,3,Silver Health
GE-2810,Female,Sales,Senior,Spain,11/27/2019,155128,175000,0.15,19945,3,Opt-Out
GE-2811,Female,IT,Manager,Spain,12/7/2022,248014,240000,0.2,56688,4,Gold Health
GE-2812,Male,Engineering,Director,Spain,11/24/2017,326127,340000,0.3,83861,3,Opt-Out
GE-2813,Male,Operations,Manager,France,5/2/2017,232879,240000,0.2,39922,3,Gold Health
GE-2814,Male,Sales,Professional,France,9/17/2018,122297,130000,0.1,17471,5,Opt-Out
GE-2815,Female,Operations,Manager,Poland,4/7/2017,291170,240000,0.2,66553,4,Silver Health
GE-2816,Female,Engineering,Senior,Spain,2/3/2015,164541,175000,0.15,21155,3,Standard
GE-2817,Male,Operations,Professional,UK,11/4/2016,148545,130000,0.1,12732,3,Opt-Out
GE-2818,Male,IT,Professional,France,7/9/2020,118162,130000,0.1,16880,5,Opt-Out
GE-2819,Male,Engineering,Senior,Poland,10/6/2022,191099,175000,0.15,24569,3,Standard
GE-2820,Male,Finance,Manager,France,7/25/2018,292517,240000,0.2,50145,3,Standard
GE-2821,Male,Engineering,Professional,Spain,5/26/2021,122889,130000,0.1,17555,5,Standard
GE-2822,Female,Finance,Professional,France,9/2/2015,115372,130000,0.1,9889,3,Standard
GE-2823,Female,Sales,Senior,Poland,12/15/2018,154776,175000,0.15,26533,4,Opt-Out
GE-2824,Male,Operations,Manager,Germany,11/30/2017,188176,240000,0.2,43011,4,Opt-Out
GE-2825,Male,Marketing,Entry,Poland,9/2/2019,86683,95000,0.05,3714,3,Standard
GE-2826,Male,Finance,Professional,UK,1/21/2020,102877,130000,0.1,8818,3,Standard
GE-2827,Male,HR,Professional,Spain,9/11/2018,144838,130000,0.1,16552,4,Silver Health
GE-2828,Female,Sales,Manager,Poland,4/19/2019,215348,240000,0.2,36916,3,Gold Health
GE-2829,Male,IT,Senior,Germany,3/5/2017,161162,175000,0.15,27627,4,Gold Health
GE-2830,Female,Marketing,Entry,Poland,3/17/2017,92631,95000,0.05,5293,4,Gold Health
GE-2831,Female,Finance,Manager,France,7/21/2023,239162,240000,0.2,40999,3,Opt-Out
GE-2832,Male,HR,Professional,France,6/2/2022,145965,130000,0.1,16681,4,Opt-Out
GE-2833,Female,Marketing,Senior,Spain,9/26/2014,155032,175000,0.15,26576,4,Standard
GE-2834,Female,Finance,Senior,UK,4/10/2015,148329,175000,0.15,6356,1,Opt-Out
GE-2835,Male,Finance,Manager,Germany,3/30/2021,189646,240000,0.2,43347,4,Standard
GE-2836,Male,Operations,Professional,Spain,1/30/2015,115048,130000,0.1,3287,1,Standard
GE-2837,Female,Finance,Manager,Poland,3/20/2020,198046,240000,0.2,33950,3,Standard
GE-2838,Male,Operations,Senior,Germany,2/5/2014,169360,175000,0.15,21774,3,Opt-Out
GE-2839,Female,HR,Professional,Poland,2/26/2023,141336,130000,0.1,8076,2,Silver Health
GE-2840,Male,Sales,Professional,Germany,2/18/2018,119243,130000,0.1,13627,4,Standard
GE-2841,Male,Operations,Entry,Germany,2/10/2019,96078,95000,0.05,6862,5,Opt-Out
GE-2842,Female,Marketing,Senior,Poland,9/15/2014,164274,175000,0.15,28161,4,Standard
GE-2843,Male,Operations,Professional,Poland,7/14/2016,136027,130000,0.1,11659,3,Gold Health
GE-2844,Female,HR,Entry,France,12/15/2018,73504,95000,0.05,4200,4,Opt-Out
GE-2845,Male,Engineering,Professional,France,4/8/2016,106914,130000,0.1,3054,1,Gold Health
GE-2846,Female,HR,Senior,Spain,4/29/2017,158443,175000,0.15,20371,3,Opt-Out
GE-2847,Female,Engineering,Senior,UK,4/5/2014,152957,175000,0.15,6555,1,Gold Health
GE-2848,Female,Sales,Entry,Spain,8/9/2021,90754,95000,0.05,3889,3,Silver Health
GE-2849,Female,HR,Senior,France,6/5/2021,169806,175000,0.15,21832,3,Silver Health
GE-2850,Male,IT,Professional,Poland,2/1/2019,132517,130000,0.1,11358,3,Opt-Out
GE-2851,Male,HR,Professional,Poland,5/17/2021,116753,130000,0.1,10007,3,Silver Health
GE-2852,Female,Operations,Senior,Poland,11/17/2018,157714,175000,0.15,20277,3,Standard
GE-2853,Male,Sales,Professional,Spain,1/29/2014,133346,130000,0.1,15239,4,Silver Health
GE-2854,Female,Marketing,Director,Germany,7/18/2022,326760,340000,0.3,140040,5,Gold Health
GE-2855,Female,Operations,Senior,Germany,10/17/2016,167231,175000,0.15,28668,4,Gold Health
GE-2856,Male,Operations,Senior,UK,9/30/2022,173358,175000,0.15,14859,2,Silver Health
GE-2857,Female,Operations,Entry,Poland,2/18/2022,88962,95000,0.05,3812,3,Opt-Out
GE-2858,Female,IT,Professional,France,9/3/2023,133082,130000,0.1,11407,3,Standard
GE-2859,Male,HR,Manager,Spain,8/19/2014,219567,240000,0.2,25093,2,Gold Health
GE-2860,Male,Marketing,Senior,Spain,9/24/2018,199483,175000,0.15,25647,3,Gold Health
GE-2861,Male,IT,Senior,France,1/10/2015,174179,175000,0.15,14929,2,Silver Health
GE-2862,Male,Engineering,Professional,Germany,1/17/2018,134562,130000,0.1,19223,5,Gold Health
GE-2863,Male,Sales,Professional,UK,11/26/2017,127008,130000,0.1,14515,4,Opt-Out
GE-2864,Male,IT,Entry,France,1/1/2020,98911,95000,0.05,4239,3,Standard
GE-2865,Female,HR,Entry,Poland,8/28/2021,86194,95000,0.05,3694,3,Standard
GE-2866,Female,Engineering,Senior,Poland,1/21/2023,175891,175000,0.15,22614,3,Silver Health
GE-2867,Female,Marketing,Senior,Germany,2/17/2014,187947,175000,0.15,24164,3,Gold Health
GE-2868,Female,Finance,Entry,Poland,7/29/2015,102982,95000,0.05,4413,3,Gold Health
GE-2869,Male,Sales,Entry,France,11/29/2017,83234,95000,0.05,5945,5,Opt-Out
GE-2870,Male,Operations,Professional,UK,10/9/2020,120601,130000,0.1,10337,3,Opt-Out
GE-2871,Female,Operations,Senior,Germany,4/9/2018,140990,175000,0.15,18127,3,Silver Health
GE-2872,Female,Engineering,Entry,UK,11/25/2017,90159,95000,0.05,3863,3,Gold Health
GE-2873,Female,HR,Director,France,12/6/2015,360616,340000,0.3,92729,3,Standard
GE-2874,Female,Operations,Manager,UK,10/26/2020,263334,240000,0.2,45142,3,Silver Health
GE-2875,Male,Finance,Director,Spain,1/29/2021,278592,340000,0.3,71637,3,Gold Health
GE-2876,Male,IT,Professional,Poland,10/23/2019,118881,130000,0.1,6793,2,Standard
GE-2877,Female,Marketing,Professional,Poland,5/17/2017,130752,130000,0.1,14943,4,Gold Health
GE-2878,Male,Engineering,Manager,UK,5/19/2019,239469,240000,0.2,41051,3,Gold Health
GE-2879,Male,IT,Director,Poland,12/7/2023,380033,340000,0.3,130297,4,Opt-Out
GE-2880,Male,Sales,Entry,UK,2/12/2015,85065,95000,0.05,6076,5,Silver Health
GE-2881,Male,Operations,Senior,France,12/26/2023,176390,175000,0.15,7559,1,Gold Health
GE-2882,Male,IT,Professional,Spain,1/18/2017,143753,130000,0.1,12321,3,Gold Health
GE-2883,Female,Marketing,Professional,Spain,10/13/2020,121931,130000,0.1,10451,3,Opt-Out
GE-2884,Male,IT,Senior,UK,10/23/2014,179927,175000,0.15,7711,1,Standard
GE-2885,Male,Marketing,Senior,France,8/11/2017,175437,175000,0.15,30074,4,Standard
GE-2886,Female,Engineering,Senior,Germany,6/9/2022,156568,175000,0.15,6710,1,Opt-Out
GE-2887,Male,IT,Senior,Spain,7/12/2021,161445,175000,0.15,20757,3,Silver Health
GE-2888,Male,Operations,Manager,Germany,8/2/2017,276995,240000,0.2,47484,3,Standard
GE-2889,Male,Sales,Professional,Germany,11/7/2015,111767,130000,0.1,15966,5,Silver Health
GE-2890,Male,Marketing,Entry,UK,4/22/2019,103997,95000,0.05,4457,3,Standard
GE-2891,Male,HR,Entry,Spain,4/19/2023,95254,95000,0.05,4082,3,Opt-Out
GE-2892,Male,Finance,Senior,UK,5/28/2020,181603,175000,0.15,23348,3,Silver Health
GE-2893,Male,Marketing,Entry,UK,11/28/2021,99427,95000,0.05,4261,3,Standard
GE-2894,Male,Sales,Manager,France,12/13/2023,217407,240000,0.2,37269,3,Standard
GE-2895,Male,HR,Professional,Germany,2/19/2020,120858,130000,0.1,13812,4,Silver Health
GE-2896,Male,Marketing,Entry,Germany,5/24/2020,73094,95000,0.05,3132,3,Opt-Out
GE-2897,Female,Finance,Senior,Spain,1/9/2018,139899,175000,0.15,23982,4,Gold Health
GE-2898,Male,Engineering,Professional,France,8/17/2017,110992,130000,0.1,6342,2,Gold Health
GE-2899,Male,IT,Senior,France,4/27/2015,150628,175000,0.15,19366,3,Opt-Out
GE-2900,Male,Marketing,Professional,France,8/8/2023,135840,130000,0.1,15524,4,Opt-Out
GE-2901,Male,Marketing,Senior,Poland,9/7/2020,174894,175000,0.15,14990,2,Silver Health
GE-2902,Male,IT,Entry,Poland,6/30/2017,96271,95000,0.05,4125,3,Silver Health
GE-2903,Female,IT,Professional,UK,7/22/2017,141113,130000,0.1,16127,4,Opt-Out
GE-2904,Female,HR,Professional,Spain,2/8/2014,152044,130000,0.1,13032,3,Gold Health
GE-2905,Male,Finance,Senior,Spain,2/28/2014,146691,175000,0.15,6286,1,Opt-Out
GE-2906,Male,Marketing,Professional,UK,1/30/2015,150634,130000,0.1,12911,3,Opt-Out
GE-2907,Male,IT,Professional,France,5/23/2015,122922,130000,0.1,7024,2,Opt-Out
GE-2908,Female,Finance,Senior,UK,7/26/2022,184266,175000,0.15,23691,3,Gold Health
GE-2909,Female,HR,Professional,Spain,9/16/2016,131305,130000,0.1,11254,3,Gold Health
GE-2910,Female,Finance,Manager,Germany,7/11/2022,295657,240000,0.2,67578,4,Opt-Out
GE-2911,Female,Finance,Professional,Spain,11/15/2022,118228,130000,0.1,10133,3,Opt-Out
GE-2912,Female,Engineering,Professional,Germany,11/10/2018,109088,130000,0.1,9350,3,Opt-Out
GE-2913,Male,HR,Manager,UK,1/4/2018,233652,240000,0.2,53406,4,Standard
GE-2914,Male,Marketing,Senior,Germany,4/10/2020,157491,175000,0.15,20248,3,Gold Health
GE-2915,Male,IT,Entry,Germany,12/5/2018,108700,95000,0.05,6211,4,Gold Health
GE-2916,Male,IT,Senior,France,9/15/2018,154099,175000,0.15,26416,4,Standard
GE-2917,Male,Sales,Senior,UK,8/23/2021,185473,175000,0.15,7948,1,Opt-Out
GE-2918,Male,HR,Professional,Poland,11/28/2019,142965,130000,0.1,12254,3,Gold Health
GE-2919,Male,HR,Professional,UK,3/20/2016,136451,130000,0.1,15594,4,Standard
GE-2920,Male,IT,Professional,UK,6/16/2018,134665,130000,0.1,11542,3,Gold Health
GE-2921,Male,Operations,Professional,Germany,5/25/2019,141177,130000,0.1,16134,4,Standard
GE-2922,Male,Sales,Manager,Spain,9/18/2023,213200,240000,0.2,36548,3,Silver Health
GE-2923,Male,Marketing,Director,Germany,12/12/2023,304397,340000,0.3,78273,3,Standard
GE-2924,Female,Sales,Professional,Poland,2/26/2017,135889,130000,0.1,15530,4,Silver Health
GE-2925,Male,HR,Senior,Spain,7/14/2019,192621,175000,0.15,41275,5,Standard
GE-2926,Male,Finance,Entry,UK,7/2/2022,98887,95000,0.05,4238,3,Silver Health
GE-2927,Male,Finance,Entry,UK,7/14/2017,94673,95000,0.05,2704,2,Standard
GE-2928,Female,Finance,Professional,France,3/30/2021,143926,130000,0.1,12336,3,Opt-Out
GE-2929,Male,Sales,Professional,Spain,6/13/2016,114526,130000,0.1,13088,4,Gold Health
GE-2930,Female,Engineering,Entry,Poland,8/1/2015,106452,95000,0.05,4562,3,Standard
GE-2931,Male,HR,Professional,Poland,6/4/2017,159779,130000,0.1,18260,4,Opt-Out
GE-2932,Male,Finance,Professional,France,1/6/2021,139214,130000,0.1,15910,4,Silver Health
GE-2933,Male,Finance,Professional,France,9/23/2016,126211,130000,0.1,10818,3,Standard
GE-2934,Female,HR,Senior,UK,8/23/2015,187490,175000,0.15,24105,3,Silver Health
GE-2935,Male,Operations,Senior,Spain,10/4/2016,205470,175000,0.15,17611,2,Opt-Out
GE-2936,Female,Sales,Senior,France,8/4/2022,183337,175000,0.15,15714,2,Opt-Out
GE-2937,Male,IT,Director,Poland,5/3/2017,305206,340000,0.3,78481,3,Gold Health
GE-2938,Male,Finance,Entry,Spain,10/17/2014,87594,95000,0.05,5005,4,Gold Health
GE-2939,Female,Operations,Professional,Spain,8/3/2020,133232,130000,0.1,19033,5,Standard
GE-2940,Male,Sales,Senior,Spain,11/1/2021,159873,175000,0.15,6851,1,Standard
GE-2941,Male,Marketing,Professional,Germany,4/18/2020,133907,130000,0.1,11477,3,Silver Health
GE-2942,Male,Marketing,Professional,Germany,1/22/2018,121196,130000,0.1,6925,2,Opt-Out
GE-2943,Female,HR,Professional,Germany,11/20/2022,136221,130000,0.1,11676,3,Gold Health
GE-2944,Female,HR,Senior,Germany,3/31/2019,177283,175000,0.15,15195,2,Gold Health
GE-2945,Male,HR,Professional,Germany,10/2/2016,134465,130000,0.1,7683,2,Opt-Out
GE-2946,Female,Finance,Entry,Poland,4/4/2020,97666,95000,0.05,2790,2,Silver Health
GE-2947,Female,Marketing,Senior,France,9/11/2014,154633,175000,0.15,26508,4,Silver Health
GE-2948,Female,IT,Senior,Spain,9/17/2018,166918,175000,0.15,28614,4,Standard
GE-2949,Male,HR,Professional,Spain,3/8/2018,157375,130000,0.1,17985,4,Standard
GE-2950,Female,HR,Professional,Spain,3/30/2019,125194,130000,0.1,14307,4,Opt-Out
GE-2951,Male,Marketing,Professional,Germany,5/7/2023,121049,130000,0.1,17292,5,Opt-Out
GE-2952,Male,IT,Manager,Germany,9/7/2018,251035,240000,0.2,43034,3,Gold Health
GE-2953,Female,IT,Senior,France,1/17/2023,165110,175000,0.15,21228,3,Opt-Out
GE-2954,Female,Marketing,Entry,Spain,4/3/2019,98547,95000,0.05,4223,3,Standard
GE-2955,Female,Operations,Manager,Germany,7/3/2023,235898,240000,0.2,53919,4,Gold Health
GE-2956,Male,Finance,Professional,France,11/19/2014,127847,130000,0.1,10958,3,Standard
GE-2957,Male,Finance,Senior,Spain,12/23/2018,171427,175000,0.15,22040,3,Opt-Out
GE-2958,Male,Marketing,Manager,UK,7/16/2017,250500,240000,0.2,42942,3,Gold Health
GE-2959,Male,Engineering,Senior,Germany,12/26/2020,165129,175000,0.15,28307,4,Silver Health
GE-2960,Female,IT,Senior,Germany,9/22/2022,155545,175000,0.15,19998,3,Silver Health
GE-2961,Female,Operations,Professional,UK,2/6/2015,149671,130000,0.1,21381,5,Gold Health
GE-2962,Male,Sales,Senior,France,4/2/2015,179784,175000,0.15,23115,3,Gold Health
GE-2963,Female,IT,Entry,Poland,4/11/2022,107608,95000,0.05,6149,4,Gold Health
GE-2964,Female,Operations,Senior,Germany,8/27/2015,153713,175000,0.15,19763,3,Silver Health
GE-2965,Male,Finance,Professional,UK,5/1/2015,125283,130000,0.1,14318,4,Gold Health
GE-2966,Male,IT,Entry,UK,3/20/2019,113891,95000,0.05,4881,3,Opt-Out
GE-2967,Male,Operations,Senior,Germany,7/12/2019,189396,175000,0.15,24350,3,Opt-Out
GE-2968,Female,Finance,Professional,Spain,5/3/2015,122016,130000,0.1,10458,3,Standard
GE-2969,Male,Finance,Manager,France,10/11/2019,220190,240000,0.2,37746,3,Gold Health
GE-2970,Female,Sales,Manager,UK,12/25/2016,208347,240000,0.2,35716,3,Gold Health
GE-2971,Male,Marketing,Senior,Spain,5/29/2023,163518,175000,0.15,28031,4,Opt-Out
GE-2972,Male,HR,Senior,Poland,1/4/2020,167900,175000,0.15,21587,3,Silver Health
GE-2973,Female,Operations,Manager,France,11/3/2019,261856,240000,0.2,29926,2,Gold Health
GE-2974,Female,Sales,Entry,Poland,8/25/2020,86384,95000,0.05,3702,3,Gold Health
GE-2975,Male,Finance,Professional,Germany,10/17/2021,112504,130000,0.1,9643,3,Opt-Out
GE-2976,Female,Sales,Entry,UK,5/23/2016,101549,95000,0.05,4352,3,Opt-Out
GE-2977,Male,IT,Director,Poland,10/7/2014,397441,340000,0.3,102199,3,Opt-Out
GE-2978,Female,Marketing,Professional,France,4/19/2017,133284,130000,0.1,11424,3,Silver Health
GE-2979,Male,HR,Professional,Poland,4/24/2014,122674,130000,0.1,10514,3,Silver Health
GE-2980,Male,Engineering,Professional,UK,4/2/2022,116122,130000,0.1,9953,3,Gold Health
GE-2981,Female,Marketing,Professional,UK,6/22/2019,135036,130000,0.1,19290,5,Opt-Out
GE-2982,Female,Marketing,Senior,UK,5/30/2014,162379,175000,0.15,27836,4,Silver Health
GE-2983,Male,Finance,Professional,Germany,11/5/2018,113728,130000,0.1,12997,4,Opt-Out
GE-2984,Male,Finance,Professional,Germany,11/22/2023,103772,130000,0.1,11859,4,Silver Health
GE-2985,Male,Marketing,Director,Germany,8/22/2017,327317,340000,0.3,84167,3,Standard
GE-2986,Male,Marketing,Senior,Spain,7/1/2019,205075,175000,0.15,26366,3,Standard
GE-2987,Male,Marketing,Manager,Spain,12/21/2019,191205,240000,0.2,43704,4,Gold Health
GE-2988,Male,Engineering,Senior,Poland,8/7/2020,183411,175000,0.15,31441,4,Silver Health
GE-2989,Male,Marketing,Entry,Poland,6/17/2018,116987,95000,0.05,5013,3,Standard
GE-2990,Male,IT,Professional,Poland,11/29/2020,120670,130000,0.1,10343,3,Gold Health
GE-2991,Male,IT,Entry,Spain,2/3/2016,87404,95000,0.05,6243,5,Gold Health
GE-2992,Male,Operations,Professional,UK,11/4/2020,145248,130000,0.1,12449,3,Gold Health
GE-2993,Male,Marketing,Professional,Poland,2/21/2023,138431,130000,0.1,3955,1,Silver Health
GE-2994,Male,Sales,Professional,UK,4/19/2015,131372,130000,0.1,15013,4,Gold Health
GE-2995,Male,Engineering,Professional,UK,12/23/2022,115545,130000,0.1,13205,4,Opt-Out
GE-2996,Female,Engineering,Professional,Poland,9/5/2018,108429,130000,0.1,9293,3,Gold Health
GE-2997,Female,Sales,Professional,Germany,12/13/2021,127829,130000,0.1,14609,4,Opt-Out
GE-2998,Male,Marketing,Senior,UK,4/28/2018,167892,175000,0.15,21586,3,Silver Health
GE-2999,Female,Engineering,Manager,France,1/12/2018,216321,240000,0.2,24722,2,Opt-Out
